배정예선,선박명,작업 시작지,작업 종료지,스케줄 시작 시각,도선사,톤수
"미,W",DL AMBER,SKI 3,PAL,2024-06-07T19:00:00.000Z,JH,7333
T,JAN,SNCT3,NPPS,2024-06-07T17:30:00.000Z,CN,17280
"C,A",KOREA VENUS,PAL,GS-HD,2024-06-07T16:30:00.000Z,JJ,39543
"M,E",JA YANG,PAL,HIDC,2024-06-07T16:00:00.000Z,,4739
"O,W",XIN ZHONG RUI 7,N21,PAL,2024-06-07T15:00:00.000Z,JJ,4426
"F2,B,H,비,명",G POSEIDON,PAL,60,2024-06-07T19:30:00.000Z,KI,72408
"F3,B",HYUNDAI EARTH,SNCT1,NPPS,2024-06-07T17:30:00.000Z,RW,110632
M,수성 1호,SAMPYO,PAL,2024-06-07T17:00:00.000Z,,5969
A,RESURGENCE,ICT1,PAL,2024-06-07T16:00:00.000Z,LY,9443
W,DOOLA STAR,N-HOB,PAL,2024-06-07T15:30:00.000Z,,5770
M,HARMONY YUN GANG,PAL,NIPT1,2024-06-07T15:00:00.000Z,JH,35187
"O,E",KEOJE CORDELIA,PAL,N-HOB,2024-06-07T19:30:00.000Z,KX,8689
"I,L",KMTC HAIPHONG,NPPS,SNCT1,2024-06-07T17:30:00.000Z,LY,18370
I,A ROKKO,HJIT3,NPPS,2024-06-07T17:00:00.000Z,NS,9562
"Z,J",KMTC PENANG,PAL,ICT2,2024-06-07T16:00:00.000Z,KK,28517
"J,V",ARAFURA LILY,PAL,NIPT6,2024-06-07T15:20:00.000Z,OS,12335
K,SITC SHANDONG,HJIT2,NPPS,2024-06-07T22:00:00.000Z,,17119
"K,성",XIN TAI PING,NPPS,HJIT1,2024-06-07T22:00:00.000Z,,5275
V,KMTC PENANG,ICT2,PAL,2024-06-08T17:00:00.000Z,,28517
M,BIRYONG,PAL,NIPT2,2024-06-08T09:30:00.000Z,KI,14614
E,JA YANG,HIDC,PAL,2024-06-08T16:00:00.000Z,,4739
"Q,S",KEOJE CORDELIA,N-HOB,PAL,2024-06-08T09:00:00.000Z,,8689
"해,진",GAIN OCEAN,44,PAL,2024-06-08T15:00:00.000Z,,4912
E,PANCON  HARMONY,PAL,E1CT,2024-06-08T07:00:00.000Z,,9946
O,K GAS,PAL,SOD1,2024-06-08T04:30:00.000Z,,1002
"N,O",SEONGHO PIOCE,PAL,SKI 2,2024-06-08T14:00:00.000Z,,3698
"해,동,R",NEWSUN VISION,18,PAL,2024-06-08T01:00:00.000Z,UM,19971
"Q,S",FC GRACE,PAL,N-HOB,2024-06-08T23:00:00.000Z,,4960
"K,I",KMTC LAEM CHABANG,NPPS,HJIT2,2024-06-08T18:00:00.000Z,,18318
L,POS SINGAPORE,NPPS,HJIT2,2024-06-08T10:00:00.000Z,,17846
"J,T",EVER OCEAN,PAL,ICT2,2024-06-08T17:00:00.000Z,,29116
"T,S",YURIY TARAPUROV,PAL,N53,2024-06-08T09:00:00.000Z,CY,7949
"Z,E",ASTORIA BAY,PAL,N13,2024-06-08T16:00:00.000Z,,26402
"F1,M",SEAWAYS MOMENT,SKI 2,DONG,2024-06-08T07:00:00.000Z,JJ,29293
K,PEGASUS DREAM,NPPS,HJIT3,2024-06-08T14:30:00.000Z,,9924
"미,W",WOOLIM #3,SOD1,PAL,2024-06-08T05:00:00.000Z,,8072
"E,T",SAMPYO 1,PAL,SAMPYO,2024-06-08T03:30:00.000Z,,7123
"O,W",WOO CHOON,PAL,GSD,2024-06-08T11:00:00.000Z,,3969
"Q,W",HONG JIA 17,N14,PAL,2024-06-08T00:30:00.000Z,RW,4503
"V,H",KOREA VENUS,GS-HD,PAL,2024-06-08T18:00:00.000Z,,39543
"W,미",DL RUBY,PAL,SKI 1,2024-06-08T17:00:00.000Z,,6716
"L,K",XIN TAI PING,HJIT3,NPPS,2024-06-08T10:00:00.000Z,,5275
"B,F3",GSL DOROTHEA,NPPS,HJIT3,2024-06-08T16:30:00.000Z,,66058
"Q,S",FC DELLA,E6,N-HOB,2024-06-08T09:00:00.000Z,,4956
"W,미",BAL STAR,PAL,E1CT,2024-06-08T16:00:00.000Z,,7409
"성,I",REVERENCE,NPPS,SNCT2,2024-06-08T07:00:00.000Z,KU,9990
I,KMTC HAIPHONG,SNCT1,NPPS,2024-06-08T05:00:00.000Z,US,18370
"R,T",QUEZON BRIDGE,PAL,ICT1,2024-06-08T14:30:00.000Z,,17211
"F1,G,A,F2,Z,G,Z,A",LITA,JANG,SKI 3,2024-06-08T03:00:00.000Z,YM,156376
M,XIN XIANG XUE LAN,PAL,NIPT5,2024-06-08T10:30:00.000Z,,32729
"S,N",UNIPOWER,PAL,N12,2024-06-08T18:00:00.000Z,,8081
"S,Q,윤,진",SUN OCEAN,LE,30,2024-06-09T20:00:00.000Z,,5093
"미,O",UNIPOWER,N12,PAL,2024-06-09T18:00:00.000Z,,8081
H,GSL DOROTHEA,HJIT2,NPPS,2024-06-09T15:00:00.000Z,,66058
"I,성",XIN MING ZHOU 20,NPPS,SNCT1,2024-06-09T12:00:00.000Z,,9653
"K,I",KMTC LAEM CHABANG,NPPS,HJIT3,2024-06-09T06:30:00.000Z,RW,18318
"T,R,해,진",SILVER SAFETY,PAL,50,2024-06-09T10:00:00.000Z,,7243
"G,A,F3,Z,A",LITA,SKI 3,DONG,2024-06-09T05:30:00.000Z,UM,156376
"G,V,E",HUA LIN WAN,JANG,SKI 3,2024-06-09T04:30:00.000Z,LY,60166
"W,Q",DL RUBY,SKI 1,PAL,2024-06-09T08:00:00.000Z,,6716
"R,T",MORNING STAR,PAL,RHC,2024-06-09T04:00:00.000Z,,6117
S,GUANG XING,PAL,N52,2024-06-09T07:00:00.000Z,CN,1970
O,STAR EXPLORER,PAL,E1CT,2024-06-09T02:00:00.000Z,,9949
"L,I",XIN HE DA,NPPS,HJIT1,2024-06-09T18:00:00.000Z,,7808
"동,윤,해",NORDIC MARI,52,DONG,2024-06-09T17:00:00.000Z,,11792
"O,W",OCEAN GAS,PAL,SKI 1,2024-06-09T14:00:00.000Z,,3678
J,EVER OCEAN,ICT2,PAL,2024-06-09T07:00:00.000Z,KU,29116
"N,S",WOOLIM #3,W11,SKI 2,2024-06-09T11:00:00.000Z,,8072
I,POS SINGAPORE,HJIT3,NPPS,2024-06-09T06:00:00.000Z,,17846
"N,Q",WOO CHOON,GSD,PAL,2024-06-09T10:00:00.000Z,,3969
"O,W",ORIENTAL PARALLEL,PAL,N42,2024-06-09T05:30:00.000Z,KI,9780
"M,R",JINYANG,PAL,SSC,2024-06-09T04:30:00.000Z,,6200
"K,성",YA LU JIANG,NPPS,SNCT2,2024-06-09T08:00:00.000Z,,5250
"F2,J,C,비,명",GRAND VISION,PAL,53,2024-06-09T03:30:00.000Z,YM,47077
"N,S",BAL STAR,E1CT,PAL,2024-06-09T02:00:00.000Z,KX,7409
"성,I",CONSISTENCE,NPPS,HJIT1,2024-06-09T21:30:00.000Z,,9972
M,KMTC TAIPEIS,ICT1,PAL,2024-06-09T18:00:00.000Z,,18370
미,SOONI,PAL,N31,2024-06-09T16:00:00.000Z,,2715
"V,E",OCEAN VIRGINIA,N11,DONG,2024-06-09T13:00:00.000Z,,23573
"L,F2,B,비,명",GOOD LUCK,LEN,43,2024-06-09T06:30:00.000Z,JH,41074
"Q,W",DOOLA #7,PAL,N-HOB,2024-06-09T10:00:00.000Z,,6402
E,SAMPYO 5,PAL,SAMPYO,2024-06-09T05:30:00.000Z,,7271
"S,미",SEONGHO PIOCE,SKI 2,E4,2024-06-09T05:00:00.000Z,RW,3698
W,FC GRACE,N-HOB,PAL,2024-06-09T10:00:00.000Z,,4960
"E,T",SAMPYO 1,SAMPYO,PAL,2024-06-09T04:00:00.000Z,,7123
성,PEGASUS DREAM,HJIT3,NPPS,2024-06-09T07:00:00.000Z,,9924
"비,명,동",TRIGON TRADER,20,PAL,2024-06-09T03:00:00.000Z,KI,35906
"비,명,동",G POSEIDON,60,PAL,2024-06-09T01:00:00.000Z,YM,72408
"O,W",SJ HOPE,PAL,SOD1,2024-06-09T17:30:00.000Z,,5025
S,XINXIWANGMINGYUAN,PAL,N11,2024-06-09T22:00:00.000Z,,2589
"W,미",ORIENTAL PARALLEL,N42,PAL,2024-06-10T23:00:00.000Z,,9780
"H,T",BRAVE OCEAN,W10,SKI 2,2024-06-10T19:00:00.000Z,,26328
T,SAMPYO 5,SAMPYO,PAL,2024-06-10T18:00:00.000Z,,7271
"E,N",YURIY TARAPUROV,N53,PAL,2024-06-10T17:00:00.000Z,,7949
"F3,L",KMTC SEOUL,NPPS,HJIT2,2024-06-10T15:00:00.000Z,,27997
H,JINYANG,SSC,PAL,2024-06-10T07:00:00.000Z,,6200
W,GUANG XING,N52,PAL,2024-06-10T14:00:00.000Z,,1970
"O,W",WOOLIM #3,SKI 2,PAL,2024-06-10T06:00:00.000Z,JJ,8072
"M,R,해,진",VW SAFETY,PAL,50,2024-06-10T06:00:00.000Z,CH,7141
"I,성",A ROKKO,NPPS,HJIT1,2024-06-10T12:00:00.000Z,,9562
S,PILLOS 1,E3,HIT,2024-06-10T05:00:00.000Z,,1899
H,HUADONG PEARL 8,PAL,NIPT5,2024-06-10T09:30:00.000Z,,35092
"성,I",ESTIMA,NPPS,HJIT1,2024-06-10T20:00:00.000Z,,9587
E,수성 2,PAL,SAMPYO,2024-06-10T18:30:00.000Z,,5963
"G,T",ASTORIA BAY,N13,PAL,2024-06-10T18:00:00.000Z,,26402
I,PEGASUS PROTO,NPPS,SNCT1,2024-06-10T17:00:00.000Z,,18354
"I,K",XIN HE DA,HJIT1,NPPS,2024-06-10T15:00:00.000Z,,7808
"N,O",OCEAN GAS,SKI 1,PAL,2024-06-10T07:00:00.000Z,,3678
"Q,S",FC GRACE,PAL,SOD1,2024-06-10T13:00:00.000Z,,4960
"J,L",FOLEGANDROS,NPPS,HJIT3,2024-06-10T06:00:00.000Z,RW,66332
L,KMTC LAEM CHABANG,HJIT3,NPPS,2024-06-10T05:00:00.000Z,RW,18318
"동,진",한나래,12,PAL,2024-06-10T10:00:00.000Z,,6280
"K,성",XIN MING ZHOU 20,SNCT1,NPPS,2024-06-10T07:00:00.000Z,RW,9653
N,DOOLA #7,N-HOB,PAL,2024-06-10T03:00:00.000Z,,6402
"R,T",DRAGON STAR,PAL,SSC,2024-06-10T19:00:00.000Z,,5683
"T,R",MORNING NURI,PAL,RHC,2024-06-10T18:00:00.000Z,,5222
"L,K",SUNNY CAMELLIA,NPPS,SNCT1,2024-06-10T17:30:00.000Z,,9563
"I,K",KOREA VISION,BUKJ2,E1GT,2024-06-10T15:00:00.000Z,,3872
"I,성",AN DONG 68,NPPS,SNCT2,2024-06-10T07:00:00.000Z,JJ,3988
"O,S",XIN YU JIN XIANG,PAL,NIPT6,2024-06-10T15:00:00.000Z,,12304
E,MORNING STAR,RHC,PAL,2024-06-10T06:00:00.000Z,,6117
"T,진",XIN SHENG SHENG 6,PAL,42,2024-06-10T06:00:00.000Z,CY,2995
"Q,S",SJ HOPE,SOD1,W11,2024-06-10T12:30:00.000Z,,5025
"F1,Z",WEAVER ARROW,PAL,N12,2024-06-10T05:00:00.000Z,JH,36008
I,CONSISTENCE,HJIT1,NPPS,2024-06-10T10:00:00.000Z,,9972
"성,Q",KEOJE CORDELIA,PAL,N-HOB,2024-06-10T18:30:00.000Z,,8689
"O,W",VICTORY STAR,PAL,E1CT,2024-06-10T23:00:00.000Z,,7406
"S,N,진",XINXIWANGMINGYUAN,N11,25,2024-06-10T18:00:00.000Z,,2589
"미,성",NO.1 EUNHEE,PAL,SKI 1,2024-06-10T13:00:00.000Z,,2458
N,SOONI,N31,PAL,2024-06-10T20:00:00.000Z,,2715
O,K GAS,PAL,SOD1,2024-06-10T18:30:00.000Z,,1002
"E,미",BEI JIANG,PAL,KICT,2024-06-11T07:00:00.000Z,SC,5250
"J,A,F2,H,B,A,F2,H",C.FREEDOM,JANG,SKI 3,2024-06-11T05:00:00.000Z,BJ,162044
"V,B",HUA LIN WAN,SKI 3,DONG,2024-06-11T06:30:00.000Z,GH,60166
Q,K GAS,SOD1,PAL,2024-06-11T06:30:00.000Z,,1002
"O,S",MEGA PIONEER,JAK,KIST,2024-06-11T06:00:00.000Z,KN,3543
T,XIN XIANG XUE LAN,PAL,NIPT5,2024-06-11T10:30:00.000Z,,32729
"Y,송,X,L",HYUNDAI OCEANPIA,JANG,LNG1,2024-06-11T08:00:00.000Z,JU,113998
"윤,진",VW SAFETY,50,PAL,2024-06-11T07:00:00.000Z,LO,7141
"C,L",BF TIGER,NPPS,HJIT3,2024-06-11T06:00:00.000Z,CG,28592
"I,성",KOREA VISION,E1GT,BUKJ2,2024-06-11T07:00:00.000Z,NS,3872
I,STARSHIP LEO,NPPS,SNCT2,2024-06-11T01:00:00.000Z,,20920
"J,M",ASTORIA BAY,N13,PAL,2024-06-11T06:30:00.000Z,GJ,26402
N,DB SUNNY,W4,HIT,2024-06-11T06:00:00.000Z,,1599
R,BIRYONG,PAL,NIPT2,2024-06-11T09:30:00.000Z,SK,14614
W,KAI AN 8,PAL,N52,2024-06-11T08:00:00.000Z,GJ,1448
R,VICTORY STAR,E1CT,PAL,2024-06-11T07:00:00.000Z,KB,7406
Z,FOLEGANDROS,HJIT3,NPPS,2024-06-11T05:00:00.000Z,CG,66332
L,SUNNY CAMELLIA,SNCT3,NPPS,2024-06-11T07:00:00.000Z,CG,9563
"E,미",XIN YU JIN XIANG,NIPT6,PAL,2024-06-11T00:30:00.000Z,KB,12304
"T,G",ARAFURA LILY,PAL,NIPT6,2024-06-11T06:30:00.000Z,SK,12335
"Q,W",FC GRACE,E5,SOD1,2024-06-11T06:00:00.000Z,,4960
"S,미",KEOJE CORDELIA,N-HOB,PAL,2024-06-11T09:00:00.000Z,,8689
"T,R",MORNING NURI,PAL,RHC,2024-06-11T07:00:00.000Z,,5222
"비,명,동",MANHASSET QUEEN,73,PAL,2024-06-11T18:00:00.000Z,,36139
E,HARMONY YUN GANG,PAL,NIPT1,2024-06-11T15:00:00.000Z,,35187
성,ESTIMA,HJIT1,NPPS,2024-06-11T14:00:00.000Z,,9587
"L,I",WAN HAI 317,NPPS,SNCT1,2024-06-11T12:00:00.000Z,,27800
"H,M",BRAVE OCEAN,W10,SKI 2,2024-06-11T20:00:00.000Z,,26328
"Q,S",NO.8 SJ GAS,PAL,SKI 1,2024-06-11T17:00:00.000Z,,2981
"성,K",SKY IRIS,NPPS,HJIT1,2024-06-11T15:00:00.000Z,,9980
"성,K",BEI HAI,NPPS,HJIT2,2024-06-11T12:00:00.000Z,,5272
L,PEGASUS PROTO,SNCT1,NPPS,2024-06-11T12:00:00.000Z,,18354
"D,V,G,비,명",ANDRIA,PAL,73,2024-06-11T19:00:00.000Z,,39643
진,XIN SHENG SHENG 6,42,PAL,2024-06-11T16:00:00.000Z,,2995
"해,진",SILVER SAFETY,50,PAL,2024-06-11T14:00:00.000Z,,7243
F1,KMTC SEOUL,HJIT2,NPPS,2024-06-11T12:00:00.000Z,,27997
"O,S",FC DELLA,PAL,N-HOB,2024-06-11T12:00:00.000Z,,4956
T,수성 2,SAMPYO,PAL,2024-06-11T19:00:00.000Z,,5963
Q,유진,JANG,YHD(IN)2,2024-06-11T23:00:00.000Z,,4727
"N,O",DOOLA #7,PAL,N-HOB,2024-06-11T23:00:00.000Z,,6402
R,DRAGON STAR,SSC,PAL,2024-06-11T22:00:00.000Z,,5683
"해,진",SUN OCEAN,30,LE,2024-06-11T23:30:00.000Z,,5093
W,K GAS,SOD1,PAL,2024-06-12T07:30:00.000Z,,1002
"B,V",KOREA VENUS,PAL,GS-HD,2024-06-12T07:00:00.000Z,NS,39543
M,수성 1호,PAL,SAMPYO,2024-06-12T07:00:00.000Z,,5969
"I,성",REVERENCE,NPPS,SNCT2,2024-06-12T05:00:00.000Z,HY,9990
"I,L",SITC HAINAN,NPPS,HJIT2,2024-06-12T03:00:00.000Z,CN,17119
"N,E",HONG YANG 28,PAL,E1CT,2024-06-12T02:00:00.000Z,SK,11856
"K,성",SUNNY ROSE,NPPS,HJIT2,2024-06-12T17:00:00.000Z,,9865
미,KAI AN 8,N52,PAL,2024-06-12T16:00:00.000Z,,1448
"성,I",A ROKKO,NPPS,HJIT3,2024-06-12T11:30:00.000Z,,9562
"A,T",JA YANG,PAL,HIDC,2024-06-12T19:30:00.000Z,,4739
N,PEGASUS GLORY,PAL,E1CT,2024-06-12T18:00:00.000Z,,9908
E,TY INCHEON,PAL,E1CT,2024-06-12T09:00:00.000Z,,7726
"Y,송,X,C",HYUNDAI OCEANPIA,LNG1,DONG,2024-06-12T09:00:00.000Z,,113998
"N,R",WOO LIM 5,PAL,SOD1,2024-06-12T07:30:00.000Z,,8072
K,SKY IRIS,HJIT1,NPPS,2024-06-12T07:00:00.000Z,JU,9980
"D,T,G,비,명",SEAWAYS TITAN,LEN,65,2024-06-12T06:30:00.000Z,LO,29305
"S,미",TIAN ZHUI,PAL,N42,2024-06-12T04:00:00.000Z,CG,8574
"I,K",BEI HAI,HJIT2,NPPS,2024-06-12T03:00:00.000Z,CG,5272
Q,유진,JANG,YHD(IN)2,2024-06-12T01:00:00.000Z,,4727
"F3,B",MSC BREMERHAVEN V,PAL,ICT2,2024-06-12T17:00:00.000Z,,49447
"S,N,해,진",GLORY STAR,PAL,52,2024-06-12T16:00:00.000Z,,4562
"Q,S",BEI JIANG,KICT,PAL,2024-06-12T20:00:00.000Z,,5250
"W,진",YUE XIANG,PAL,41,2024-06-12T10:00:00.000Z,,1971
"W,O",FC GRACE,PAL,N-HOB,2024-06-12T19:00:00.000Z,,4960
"K,성",YA LU JIANG,NPPS,SNCT1,2024-06-12T18:00:00.000Z,,5250
"N,O",KTS WHITE,PAL,GSD,2024-06-12T09:00:00.000Z,,2101
H,HUADONG PEARL 8,PAL,NIPT5,2024-06-12T08:30:00.000Z,,35092
"L,I",SITC ZHEJIANG,NPPS,HJIT1,2024-06-12T07:00:00.000Z,JH,17119
"H,Z",BRAVE OCEAN,W10,SKI 2,2024-06-12T07:00:00.000Z,CH,26328
F3,WAN HAI 317,SNCT1,NPPS,2024-06-12T06:30:00.000Z,HY,27800
"Q,진",XINHAI788,PAL,23,2024-06-12T03:30:00.000Z,GJ,2992
"미,R",DOOLA #7,PAL,N-HOB,2024-06-12T02:20:00.000Z,,6402
"Z,T",Torm Cavatina,JANG,SKI 1,2024-06-12T16:30:00.000Z,,27061
"W,Q",NO.8 SJ GAS,SKI 1,PAL,2024-06-12T12:00:00.000Z,,2981
"R,M",MORNING VICTORY,PAL,RHC,2024-06-12T19:30:00.000Z,,5222
M,MORNING NURI,RHC,PAL,2024-06-12T18:00:00.000Z,,5222
"S,O",WOOLIM 7,PAL,SKI 4,2024-06-12T10:00:00.000Z,,8072
"I,L",CNC MARS,NPPS,SNCT3,2024-06-12T17:00:00.000Z,,18652
미,GRAND MUSE,PAL,N21,2024-06-12T09:00:00.000Z,,1514
"L,I",HEUNG-A HAIPHONG,NPPS,HJIT3,2024-06-12T18:00:00.000Z,,9960
"S,미",TY XU RUI,PAL,N21,2024-06-13T03:00:00.000Z,CG,8393
"L,K",CNC MARS,SNCT3,NPPS,2024-06-13T03:00:00.000Z,SK,18652
"L,I",WAN HAI293,NPPS,SNCT2,2024-06-13T00:30:00.000Z,HY,20918
"D,C",MSC BREMERHAVEN V,ICT2,PAL,2024-06-13T10:00:00.000Z,,49447
"K,성",AN DONG 68,NPPS,SNCT2,2024-06-13T19:00:00.000Z,,3988
진,XINHAI788,23,PAL,2024-06-13T17:00:00.000Z,,2992
"A,J",KOREA VENUS,GS-HD,PAL,2024-06-13T08:30:00.000Z,,39543
"미,W,윤,진",MASAKAZU,PAL,32,2024-06-13T15:00:00.000Z,,5543
"E,T",TS BANGKOK,PAL,ICT1,2024-06-13T07:30:00.000Z,,17449
"I,K",YA LU JIANG,SNCT1,NPPS,2024-06-13T07:00:00.000Z,,5250
"R,M",KEUN YANG,PAL,SSC,2024-06-13T06:30:00.000Z,,5996
S,FC GRACE,N-HOB,PAL,2024-06-13T06:00:00.000Z,,4960
"해,진",GLORY STAR,52,PAL,2024-06-13T23:00:00.000Z,,4562
"성,I",PACIFIC CARRIER,NPPS,HJIT1,2024-06-13T21:00:00.000Z,,9940
"W,S",DL AMBER,W12,SKI 3,2024-06-13T11:00:00.000Z,,7333
E,JA YANG,HIDC,PAL,2024-06-13T19:00:00.000Z,,4739
R,BIRYONG,PAL,NIPT2,2024-06-13T09:30:00.000Z,,14614
H,WEAVER ARROW,N12,PAL,2024-06-13T18:00:00.000Z,,36008
"F3,G",BRAVE OCEAN,SKI 2,DONG,2024-06-13T16:00:00.000Z,,26328
"A,N",WOO CHAN,PAL,SOD1,2024-06-13T08:00:00.000Z,,8539
"Q,W",KEOJE YUBIA,PAL,GSD,2024-06-13T13:00:00.000Z,,1996
성,SUNNY ROSE,HJIT3,NPPS,2024-06-13T07:00:00.000Z,,9865
진,XINXIWANGMINGYUAN,25,PAL,2024-06-13T07:00:00.000Z,,2589
"S,O",WOOLIM 7,SKI 4,PAL,2024-06-13T06:00:00.000Z,CN,8072
Q,WOO LIM 5,SOD1,PAL,2024-06-13T05:30:00.000Z,,8072
"O,E",XIN YU JIN XIANG,PAL,NIPT6,2024-06-13T22:00:00.000Z,,12304
"B,T",EVER OBEY,PAL,ICT2,2024-06-13T20:00:00.000Z,,27025
"윤,해,동",SEAWAYS TITAN,65,DONG,2024-06-13T12:00:00.000Z,,29305
M,XIN XIANG XUE LAN,PAL,NIPT5,2024-06-13T10:30:00.000Z,,32729
진,YUE XIANG,41,PAL,2024-06-13T19:00:00.000Z,,1971
"V,F3,D,G,G",C.FREEDOM,SKI 3,DONG,2024-06-13T09:00:00.000Z,,162044
"S,N",KEOJE CORDELIA,PAL,N-HOB,2024-06-13T17:30:00.000Z,,8689
"S,미",PACIFIC SAMBU,PAL,SKI 2,2024-06-13T16:00:00.000Z,,2748
Q,JIAN RUI 7,PAL,N13,2024-06-13T07:30:00.000Z,,2612
K,HEUNG-A HAIPHONG,HJIT2,NPPS,2024-06-13T07:00:00.000Z,,9960
"W,미",POLARIS,E5,SKI 4,2024-06-13T06:30:00.000Z,,11290
S,RUN FENG,PAL,N52,2024-06-13T06:00:00.000Z,KN,1498
K,SITC ZHEJIANG,HJIT1,NPPS,2024-06-13T03:00:00.000Z,LO,17119
Q,PEGASUS GLORY,E1CT,PAL,2024-06-13T21:00:00.000Z,,9908
M,수성 1호,SAMPYO,PAL,2024-06-13T20:00:00.000Z,,5969
"I,K",CONCERTO,NPPS,HJIT2,2024-06-13T12:00:00.000Z,,9972
E,유진,PAL,HIDC,2024-06-13T21:30:00.000Z,,4727
"Q,S",SEONGHO PIOCE,PAL,SKI 4,2024-06-14T15:30:00.000Z,,3698
"L,I",XIN TAI PING,NPPS,HJIT2,2024-06-14T14:00:00.000Z,,5275
W,DB SUNNY,PAL,HIT,2024-06-14T13:00:00.000Z,,1599
"O,Q",KEOJE YUBIA,GSD,PAL,2024-06-14T07:30:00.000Z,,1996
I,DONGJIN CONFIDENT,NPPS,SNCT2,2024-06-14T07:00:00.000Z,,18340
,CS SUMMER,PAL,W4,2024-06-14T10:00:00.000Z,SK,7675
"V,F1,H,G,A,F1,H,G",M.STAR,JANG,SKI 3,2024-06-14T07:00:00.000Z,LO,160705
"N,E",WOO SEOK,PAL,SKI 2,2024-06-14T08:30:00.000Z,,2362
"동,진",GLORY STAR,52,PAL,2024-06-14T08:00:00.000Z,SK,4562
"O,W",POLARIS,SKI 4,PAL,2024-06-14T06:30:00.000Z,GH,11290
"T,E",FC DELLA,PAL,N-HOB,2024-06-14T05:30:00.000Z,,4956
"O,W",TIAN ZHUI,N42,PAL,2024-06-14T01:00:00.000Z,YM,8574
"미,S",TY XU RUI,N21,PAL,2024-06-14T18:00:00.000Z,,8393
M,HARMONY YUN GANG,PAL,NIPT1,2024-06-14T15:30:00.000Z,,35187
"I,K",SM TOKYO,HJIT2,NPPS,2024-06-14T14:00:00.000Z,,9928
"O,W",NEWZENBERG,PAL,N45,2024-06-14T07:00:00.000Z,KU,4801
"O,해,해,진",한나래,PAL,12,2024-06-14T13:00:00.000Z,,6280
J,EVER OBEY,ICT2,PAL,2024-06-14T07:00:00.000Z,YM,27025
"해,Q",HAN YU DREAM,PAL,GSD,2024-06-14T09:30:00.000Z,,2114
B,HUADONG PEARL 8,PAL,NIPT5,2024-06-14T08:30:00.000Z,KB,35092
"해,N",NO.8 SJ GAS,PAL,SKI 1,2024-06-14T07:00:00.000Z,,2981
"X,Y,송,J",HYUNDAI  COSMOPIA,JANG,LNG1,2024-06-14T08:00:00.000Z,OS,113998
"E,N",DL AMBER,SKI 3,PAL,2024-06-14T06:00:00.000Z,KN,7333
"V,T",Torm Cavatina,SKI 1,W10,2024-06-14T05:30:00.000Z,SK,27061
"Q,E",XIN YU JIN XIANG,PAL,NIPT6,2024-06-14T00:10:00.000Z,KU,12304
T,MORNING VICTORY,RHC,PAL,2024-06-14T22:00:00.000Z,,5222
K,SAWASDEE SIRIUS,SNCT1,NPPS,2024-06-14T17:00:00.000Z,,18051
"V,S",ARAFURA LILY,PAL,NIPT6,2024-06-14T14:30:00.000Z,,12335
R,KEUN YANG,SSC,PAL,2024-06-14T13:00:00.000Z,,5996
K,PACIFIC CARRIER,HJIT1,NPPS,2024-06-14T07:00:00.000Z,BC,9940
"L,K",A ROKKO,NPPS,HJIT1,2024-06-14T12:30:00.000Z,,9562
"성,미",AN DONG 68,SNCT2,NPPS,2024-06-14T07:00:00.000Z,KB,3988
"O,M",WOO HYUK,PAL,SOD1,2024-06-14T08:30:00.000Z,,5025
M,WOO CHAN,SOD1,PAL,2024-06-14T08:00:00.000Z,,8539
I,INCHEON VOYAGER,NPPS,HJIT3,2024-06-14T06:30:00.000Z,,27828
"Q,S",MEGA PIONEER,KIST,JAK,2024-06-14T07:30:00.000Z,BJ,3543
"T,E",KEOJE CORDELIA,N-HOB,PAL,2024-06-14T05:30:00.000Z,,8689
"N,W",PACIFIC SAMBU,SKI 2,PAL,2024-06-14T04:30:00.000Z,BJ,2748
"미,O",DOOLA #7,E5,N-HOB,2024-06-14T21:00:00.000Z,,6402
"A,E",DA LI,PAL,CP,2024-06-14T21:40:00.000Z,,24550
T,유진,HIDC,PAL,2024-06-14T21:00:00.000Z,,4727
L,HEUNG-A AKITA,NPPS,HJIT2,2024-06-15T18:00:00.000Z,,9998
"S,미",RESURGENCE,PAL,ICT1,2024-06-15T14:00:00.000Z,,9443
"Q,W",FC GRACE,PAL,N-HOB,2024-06-15T11:00:00.000Z,,4960
"B,V",WOOYANG FRIEND,JANG,YHD1,2024-06-15T10:00:00.000Z,LO,43158
"F2,H,J,A,F2",M.STAR,SKI 3,DONG,2024-06-15T09:30:00.000Z,BJ,160705
"비,명,해",GOOD LUCK,43,DONG,2024-06-15T04:30:00.000Z,YM,41074
T,MORNING VICTORY,RHC,PAL,2024-06-15T09:00:00.000Z,,5222
"W,N",NO.8 SJ GAS,SKI 1,PAL,2024-06-15T03:45:00.000Z,,2981
"H,J",SUNRISE GLORY,JANG,SKI 3,2024-06-15T08:30:00.000Z,YM,29649
F3,INCHEON VOYAGER,HJIT3,NPPS,2024-06-15T07:00:00.000Z,,27828
"O,S,동,진",GAIN OCEAN,PAL,44,2024-06-15T03:30:00.000Z,OS,4912
"N,W",WOO SEOK,SKI 2,PAL,2024-06-15T06:00:00.000Z,,2362
"미,S",KS HONOR,PAL,SKI 2,2024-06-15T19:30:00.000Z,,7057
"Z,J",YM CELEBRITY,PAL,ICT2,2024-06-15T17:30:00.000Z,,32720
"I,K",XIN HE DA,NPPS,HJIT1,2024-06-15T13:30:00.000Z,,7808
"T,R",LINA,PAL,SAMPYO,2024-06-15T10:30:00.000Z,,6983
"F3,D",GNS HARMONY,YHD1,DONG,2024-06-15T10:00:00.000Z,CN,43462
S,HE ZHONG 7,PAL,HIT,2024-06-15T05:30:00.000Z,KB,2028
"R,T",HALLA FRONTIER,PAL,RHC,2024-06-15T09:30:00.000Z,,4881
"K,성",XIN TAI PING,HJIT2,NPPS,2024-06-15T04:00:00.000Z,KB,5275
W,DOOLA #7,N-HOB,PAL,2024-06-15T09:00:00.000Z,,6402
"E,미",CS SUMMER,W4,SKI 4,2024-06-15T07:50:00.000Z,SK,7675
"F2,G",OKEE JOHNT,W2,SKI 1,2024-06-15T03:30:00.000Z,LY,31433
"I,K",YUAN XIANG FEN JIN,SNCT2,NPPS,2024-06-15T07:00:00.000Z,SK,15523
Q,XIN HAI 78,PAL,N43,2024-06-15T01:30:00.000Z,HY,2972
"Z,V",SINLAU BULKER,JANG,N21,2024-06-15T19:30:00.000Z,,21574
"S,Q",WOO HYEON,PAL,SOD1,2024-06-15T16:30:00.000Z,,1975
"I,K",SITC HENGDE,NPPS,HJIT3,2024-06-15T11:00:00.000Z,,18820
E,XIN XIANG XUE LAN,PAL,NIPT5,2024-06-15T10:30:00.000Z,,32729
Z,BIRYONG,PAL,NIPT2,2024-06-15T09:30:00.000Z,LY,14614
"미,O",SEONGHO PIOCE,SKI 4,PAL,2024-06-15T05:30:00.000Z,JU,3698
"E,M",SHIN YANG,PAL,SSC,2024-06-15T09:30:00.000Z,,6422
L,STARSHIP TAURUS,NPPS,SNCT1,2024-06-15T04:00:00.000Z,,18064
"X,Y,송,C",HYUNDAI  COSMOPIA,LNG1,DONG,2024-06-15T09:00:00.000Z,HY,113998
"N,Q",HAN YU DREAM,GSD,PAL,2024-06-15T07:30:00.000Z,,2114
"미,W",KOOKYANG EXPRESS,PAL,N12,2024-06-15T03:30:00.000Z,JU,8739
"O,E",DL RUBY,PAL,SKI 2,2024-06-15T06:30:00.000Z,,6716
I,DONGJIN CONTINENTAL,NPPS,HJIT2,2024-06-15T16:00:00.000Z,,9946
"C,E",SITC YUNCHENG,PAL,ICT1,2024-06-15T23:30:00.000Z,,26771
"L,J",XIN CHI WAN,NPPS,SNCT1,2024-06-16T08:00:00.000Z,BJ,66452
Q,우성,PAL,HIT,2024-06-16T06:00:00.000Z,,1998
"T,W",SKY VICTORIA,PAL,E1CT,2024-06-16T10:00:00.000Z,,9592
성,HEUNG-A AKITA,NPPS,HJIT2,2024-06-16T02:00:00.000Z,,9998
"Z,G,A,비,명",GLOVIS COMPANION,PAL,52,2024-06-16T09:30:00.000Z,,60213
"I,K",REVERENCE,NPPS,SNCT2,2024-06-16T00:30:00.000Z,JU,9990
미,SKOON A,PAL,N16,2024-06-16T09:00:00.000Z,,2972
"I,K",SITC CHANGMING,NPPS,HJIT1,2024-06-16T07:00:00.000Z,KU,29274
Q,FC GRACE,N-HOB,PAL,2024-06-16T05:00:00.000Z,,4960
I,DONGJIN CONTINENTAL,HJIT2,NPPS,2024-06-16T10:00:00.000Z,,9946
I,SITC HENGDE,HJIT3,NPPS,2024-06-16T02:00:00.000Z,JU,18820
"O,W",BBC DIRECTION,PAL,N15,2024-06-16T09:00:00.000Z,,7223
"F3,M,A,비,동",WOOYANG CLES,LEN,22,2024-06-16T08:30:00.000Z,KN,26303
"I,K",XIN HE DA,HJIT1,NPPS,2024-06-16T07:00:00.000Z,BJ,7808
"S,R",CS SUMMER,SKI 4,PAL,2024-06-16T05:00:00.000Z,KU,7675
R,HALLA FRONTIER,RHC,PAL,2024-06-16T10:00:00.000Z,,4881
"S,N",KEOJE CORDELIA,PAL,N-HOB,2024-06-16T04:30:00.000Z,KB,8689
"Q,S,동,진",GOLD EAGLE,PAL,43,2024-06-16T10:00:00.000Z,,5580
"W,N",KOOKYANG EXPRESS,N12,PAL,2024-06-16T01:00:00.000Z,BC,8739
N,XIN QUAN,PAL,N44,2024-06-16T09:00:00.000Z,,2982
"K,I",KMTC TOKYO,NPPS,HJIT3,2024-06-16T17:00:00.000Z,,17853
"I,K",CONSISTENCE,NPPS,HJIT1,2024-06-16T23:30:00.000Z,,9972
"R,T",SHIN YANG,SSC,PAL,2024-06-16T15:00:00.000Z,,6422
"비,명,해",TORTUGAS,53,PAL,2024-06-16T21:00:00.000Z,,61321
E,XIN HAI 78,N43,PAL,2024-06-16T12:00:00.000Z,,2972
D,YM CELEBRITY,ICT2,PAL,2024-06-16T20:00:00.000Z,,32720
"T,R",LINA,SAMPYO,PAL,2024-06-16T11:00:00.000Z,,6983
"D,B,V",PAN IRIS,YHD3,DONG,2024-06-16T10:30:00.000Z,,92370
S,WOO HYEON,SOD1,PAL,2024-06-16T10:30:00.000Z,,1975
성,K GAS,PAL,E1GT,2024-06-16T20:00:00.000Z,,1002
"L,H",POS HOCHIMINH,NPPS,SNCT2,2024-06-16T17:00:00.000Z,,18085
"S,미",KS HONOR,SKI 2,PAL,2024-06-16T21:30:00.000Z,,7057
"N,O,O,진",VW FORTUNE,PAL,50,2024-06-16T13:30:00.000Z,,6566
"W,O",OCEAN GAS,PAL,SKI 1,2024-06-16T20:45:00.000Z,,3678
"F3,M",SUNRISE GLORY,SKI 3,DONG,2024-06-16T12:00:00.000Z,,29649
"F2,C,D,J",F.SUN,JANG,YHD2,2024-06-16T11:00:00.000Z,,93152
"송,X,Y,L",SOLARIS,JANG,LNG1,2024-06-16T10:30:00.000Z,,98075
"M,E",한라 3호,PAL,RHC,2024-06-16T10:00:00.000Z,,4881
"L,I",YA LU JIANG,NPPS,SNCT3,2024-06-16T18:00:00.000Z,,5250
"O,진",GAIN OCEAN,44,PAL,2024-06-16T17:00:00.000Z,,4912
S,XIN HAI59,PAL,N13,2024-06-16T21:00:00.000Z,,2995
"G,E,T,비,명",SPRING BREEZE,LEN,42,2024-06-16T12:30:00.000Z,,21699
"J,Z",OKEE JOHNT,SKI 1,DONG,2024-06-16T20:30:00.000Z,,31433
T,SAMPYO 5,PAL,SAMPYO,2024-06-16T11:30:00.000Z,,7271
"F1,H,B,V",THALASSINI NIKI,YHD2,YHD3,2024-06-16T11:00:00.000Z,,93245
"Z,A",KOREA VENUS,PAL,GS-HD,2024-06-16T10:30:00.000Z,,39543
"미,성",FC DELLA,PAL,N-HOB,2024-06-16T21:00:00.000Z,,4956
K,K GAS,E1GT,BUKJ2,2024-06-17T05:30:00.000Z,,1002
L,KMTC TOKYO,HJIT3,NPPS,2024-06-17T04:00:00.000Z,JU,17853
A,SITC YUNCHENG,ICT1,PAL,2024-06-17T01:30:00.000Z,GJ,26771
"송,X,Y,C",SOLARIS,LNG1,DONG,2024-06-17T13:00:00.000Z,,98075
"T,R",HALLA NO.2,PAL,RHC,2024-06-17T12:00:00.000Z,,4881
"I,성",POS GUANGZHOU,NPPS,SNCT2,2024-06-17T18:00:00.000Z,,9969
"A,E",ARDMORE EXPLORER,JANG,SKI 3,2024-06-17T10:30:00.000Z,,29993
"E,미",XIN YU JIN XIANG,PAL,NIPT6,2024-06-17T15:00:00.000Z,,12304
"성,K",AN DONG 68,NPPS,SNCT1,2024-06-17T10:00:00.000Z,,3988
"R,W",FC DELLA,N-HOB,PAL,2024-06-17T09:00:00.000Z,,4956
"I,성",STAR CHALLENGER,NPPS,SNCT3,2024-06-17T06:00:00.000Z,KB,9955
"Q,S",SJ HOPE,PAL,KAL,2024-06-17T05:30:00.000Z,JU,5025
"비,명,해",TORTUGAS,53,PAL,2024-06-17T04:00:00.000Z,KB,61321
"W,N",BAO HONG 8,PAL,N12,2024-06-17T01:00:00.000Z,SK,4517
K,POS HOCHIMINH,SNCT2,NPPS,2024-06-17T12:00:00.000Z,,18085
"N,E",TY XU RUI,N21,PAL,2024-06-17T20:00:00.000Z,,8393
T,한라 3호,RHC,PAL,2024-06-17T11:00:00.000Z,,4881
"F1,Z",PETREL PACIFIC,JANG,SKI 1,2024-06-17T16:30:00.000Z,,29403
"F1,G",KOREA VENUS,GS-HD,PAL,2024-06-17T10:30:00.000Z,,39543
K,CONSISTENCE,HJIT2,NPPS,2024-06-17T14:00:00.000Z,,9972
"B,L",XIN CHI WAN,SNCT1,NPPS,2024-06-17T10:00:00.000Z,,66452
"S,미",OCEAN GAS,SKI 1,PAL,2024-06-17T08:00:00.000Z,,3678
"E,N",WOOLIM DRAGON,PAL,SOD1,2024-06-17T06:00:00.000Z,SK,5197
"A,J,F1,비,명",LIBERTY KING,PAL,60,2024-06-17T04:30:00.000Z,BJ,55729
"F1,G,Z,비,명",SANG SHIN,PAL,52,2024-06-17T01:30:00.000Z,CG,50308
"L,I",A ROKKO,NPPS,HJIT3,2024-06-17T13:00:00.000Z,,9562
"F2,V,H,J",F.SUN,JANG,YHD2,2024-06-17T12:00:00.000Z,,93152
"미,S",KWANGYANG FRONTIER,PAL,60,2024-06-17T19:30:00.000Z,,4388
"L,I",XIN MING ZHOU 20,NPPS,SNCT2,2024-06-17T10:30:00.000Z,,9653
"S,N",WOO SEOK,PAL,SKI 2,2024-06-17T15:00:00.000Z,,2362
"S,R",FC GRACE,PAL,N-HOB,2024-06-17T10:00:00.000Z,,4960
D,HUADONG PEARL 8,PAL,NIPT5,2024-06-17T09:00:00.000Z,,35092
"성,K",YA LU JIANG,SNCT3,NPPS,2024-06-17T06:00:00.000Z,KN,5250
"D,M,V,비,명",EMMA OLDENDORFF,PAL,72,2024-06-17T23:30:00.000Z,,25431
K,PEGASUS PETA,NPPS,HJIT2,2024-06-17T22:00:00.000Z,,9988
"비,명,해",HOANH SON PLANET,72,DONG,2024-06-17T23:00:00.000Z,,39964
"윤,진",MASAKAZU,34,PAL,2024-06-17T23:00:00.000Z,,5543
O,ZE FENG,PAL,N43,2024-06-17T23:00:00.000Z,,1498
"S,N",VICTORY STAR,PAL,E1CT,2024-06-17T23:00:00.000Z,,7406
"W,진",BR FAIRY,PAL,30,2024-06-17T18:00:00.000Z,,2509
T,SAMPYO 5,SAMPYO,PAL,2024-06-17T23:30:00.000Z,,7271
"Q,S",WOO SEOK,SKI 2,PAL,2024-06-18T09:00:00.000Z,,2362
W,SOONI,PAL,N31,2024-06-18T05:00:00.000Z,,2715
L,POS GUANGZHOU,SNCT3,NPPS,2024-06-18T07:30:00.000Z,OS,9969
"N,R",WOOLIM DRAGON,SOD1,E4,2024-06-18T04:00:00.000Z,JU,5197
"T,R",HALLA NO.2,PAL,RHC,2024-06-18T00:50:00.000Z,JH,4881
"E,Z",JINYANG,PAL,SSC,2024-06-18T00:40:00.000Z,US,6200
"S,R",WOO DONG,PAL,SOD1,2024-06-18T07:30:00.000Z,,8581
"I,K",BEI HAI,NPPS,HJIT2,2024-06-18T07:00:00.000Z,JH,5272
"비,명,해",HOANH SON PLANET,72,DONG,2024-06-18T10:30:00.000Z,,39964
"N,Q",SJ HOPE,KAL,PAL,2024-06-18T06:00:00.000Z,CH,5025
"Y,송,X,D",MARAN GAS AMPHIPOLIS,JANG,LNG2,2024-06-18T08:00:00.000Z,KI,113037
"B,R",ARDMORE EXPLORER,SKI 3,DONG,2024-06-18T05:00:00.000Z,CG,29993
"C,L,F1",MERCATOR,JANG,E1GT,2024-06-18T03:45:00.000Z,OS,52121
"T,E",XIN YU JIN XIANG,NIPT6,PAL,2024-06-18T00:50:00.000Z,KI,12304
"R,M",JA YANG,PAL,HIDC,2024-06-18T00:30:00.000Z,,4739
"N,W",FC DELLA,PAL,N-HOB,2024-06-18T07:00:00.000Z,,4956
R,VICTORY STAR,E1CT,PAL,2024-06-18T07:00:00.000Z,LY,7406
R,BIRYONG,PAL,NIPT2,2024-06-18T09:30:00.000Z,,14614
S,PILLOS 1,E2,HIT,2024-06-18T05:45:00.000Z,,1899
"I,성",XIN MING ZHOU 20,SNCT2,NPPS,2024-06-18T07:30:00.000Z,SC,9653
"H,J",SINLAU BULKER,N21,DONG,2024-06-18T05:00:00.000Z,NS,21574
"A,M",수성 2,PAL,SAMPYO,2024-06-18T01:00:00.000Z,,5963
"윤,W",BEI JIANG,PAL,KICT,2024-06-18T00:40:00.000Z,BC,5250
"B,M,E,비,명",SWIFT ARROW,PAL,21,2024-06-18T07:00:00.000Z,JJ,28157
"T,S",ARAFURA LILY,PAL,NIPT6,2024-06-18T06:30:00.000Z,US,12335
"A,R",XUTRA BHUM,PAL,ICT2,2024-06-18T23:00:00.000Z,,24181
"N,O",DL AMBER,PAL,SKI 2,2024-06-18T17:30:00.000Z,,7333
M,HARMONY YUN GANG,PAL,NIPT1,2024-06-18T16:30:00.000Z,,35187
N,SKOON A,N16,PAL,2024-06-18T14:00:00.000Z,,2972
O,XINQUAN,N44,PAL,2024-06-18T11:30:00.000Z,,2982
"미,S",NEWZENBERG,N45,PAL,2024-06-18T18:00:00.000Z,,4801
W,XIN HAI59,N13,PAL,2024-06-18T17:00:00.000Z,,2995
"윤,진",MASAKAZU,34,PAL,2024-06-18T15:00:00.000Z,,5543
"H,E",HENG LI,CP,PAL,2024-06-18T12:00:00.000Z,,24550
"D,M,A,비,명",EMMA OLDENDORFF,PAL,72,2024-06-18T11:00:00.000Z,,25431
"동,진",KWANGYANG FRONTIER,60,PAL,2024-06-18T18:00:00.000Z,,4388
W,XIN HAI 699,PAL,N12,2024-06-18T16:30:00.000Z,,2995
S,ZE FENG,N42,PAL,2024-06-18T15:00:00.000Z,,1498
"F3,Z,G,V,F2,G,V,F3",EAGLE VICTORIA,JANG,SKI 3,2024-06-18T11:30:00.000Z,,154163
M,XIN XIANG XUE LAN,PAL,NIPT5,2024-06-18T10:30:00.000Z,,32729
미,HIROAN,PAL,N22,2024-06-18T23:00:00.000Z,,1528
"성,Q",EXPRESS STAR,PAL,N21,2024-06-18T22:00:00.000Z,,5138
"S,N",WOOLIM 7,PAL,SKI 4,2024-06-18T17:30:00.000Z,,8072
"S,미",FC GRACE,PAL,N-HOB,2024-06-19T07:00:00.000Z,,4960
"M,명",PETREL PACIFIC,SKI 1,DONG,2024-06-19T11:30:00.000Z,,29403
S,SHANG HUA,PAL,N21,2024-06-19T05:00:00.000Z,KI,1733
"F2,K",MERCATOR,E1GT,DONG,2024-06-19T10:30:00.000Z,,52121
Q,XIN HAI 699,N12,PAL,2024-06-19T02:00:00.000Z,NS,2995
"E,N",WOOLIM 7,SKI 4,PAL,2024-06-19T09:00:00.000Z,,8072
진,BR FAIRY,30,PAL,2024-06-19T12:00:00.000Z,,2509
O,KWANGYANG SUNSHINE,PAL,N11,2024-06-19T06:00:00.000Z,LY,2709
"V,T",EVER CHASTE,PAL,ICT1,2024-06-19T11:00:00.000Z,,17943
"B,T",JINYANG,SSC,PAL,2024-06-19T03:00:00.000Z,JJ,6200
"X,Y,송,D",KOOL FROST,JANG,LNG2,2024-06-19T10:30:00.000Z,,102100
"L,I",MONICA,NPPS,SNCT2,2024-06-19T02:00:00.000Z,HY,17801
V,HUADONG PEARL 8,PAL,NIPT5,2024-06-19T08:30:00.000Z,CG,35092
S,WOO DONG,SOD1,PAL,2024-06-19T08:00:00.000Z,,8581
"K,성",A ROKKO,NPPS,HJIT2,2024-06-19T12:00:00.000Z,,9562
"D,G",HMM PROMISE,NPPS,SNCT1,2024-06-19T06:00:00.000Z,CH,114023
"N,R",DL AMBER,SKI 2,PAL,2024-06-19T10:30:00.000Z,,7333
"K,D",SITC XINGDE,NPPS,HJIT1,2024-06-19T02:00:00.000Z,CG,18820
"Y,송,L,C",MARAN GAS AMPHIPOLIS,LNG2,DONG,2024-06-19T10:00:00.000Z,,113037
T,수성 2,SAMPYO,PAL,2024-06-19T00:30:00.000Z,,5963
"I,C,L",HALLASAN EXPLORER,JANG,E1GT,2024-06-19T13:00:00.000Z,,48735
"E,T",CHANG YAHNG,PAL,SSC,2024-06-19T12:30:00.000Z,,5996
"K,I",KMTC SURABAYA,NPPS,HJIT2,2024-06-19T23:30:00.000Z,,28517
F3,XUTRA BHUM,ICT2,PAL,2024-06-19T19:00:00.000Z,,24181
K,SKY HOPE,NPPS,HJIT1,2024-06-19T18:00:00.000Z,,9742
"윤,진",VW FORTUNE,50,PAL,2024-06-19T17:00:00.000Z,,6566
"Q,S",KEOJE CORDELIA,PAL,N-HOB,2024-06-19T16:30:00.000Z,,8689
"S,N",FC DELLA,PAL,SOD1,2024-06-19T14:00:00.000Z,,4956
"미,R",EXPRESS STAR,N21,PAL,2024-06-19T13:00:00.000Z,,5138
"B,Z,V,비,명",GLOVIS COURAGE,PAL,60,2024-06-19T22:30:00.000Z,,59060
"동,진",KWANGYANG FRONTIER,60,PAL,2024-06-19T19:00:00.000Z,,4388
"비,명",WOOYANG CLES,22,24,2024-06-19T17:30:00.000Z,,26303
"L,I",KMTC LAEM CHABANG,NPPS,HJIT3,2024-06-19T17:00:00.000Z,,18318
"F2,A,J",THALASSINI NIKI,YHD3,DONG,2024-06-19T14:00:00.000Z,,93245
I,WAN HAI 332,HJIT3,NPPS,2024-06-19T14:00:00.000Z,,32120
W,HIROAN,N22,PAL,2024-06-19T12:30:00.000Z,,1528
"해,동,윤",EMMA OLDENDORFF,72,PAL,2024-06-19T22:00:00.000Z,,25431
"미,W",BBC DIRECTION,N15,PAL,2024-06-19T18:00:00.000Z,,7223
K,POS BANGKOK,NPPS,SNCT3,2024-06-19T17:00:00.000Z,,18085
"Q,W",RUIEN 7,PAL,N53,2024-06-19T17:00:00.000Z,,7887
"A,F3,D",SM CHALLENGER,JANG,YHD3,2024-06-19T14:00:00.000Z,,51158
"K,L",YA LU JIANG,NPPS,SNCT3,2024-06-19T23:30:00.000Z,,5250
"S,Q",KTS WHITE,PAL,GSD,2024-06-20T19:30:00.000Z,,2101
"A,D",KOREA VENUS,PAL,GS-HD,2024-06-20T14:00:00.000Z,,39543
"S,미",SUN OCEAN,PAL,N11,2024-06-20T13:00:00.000Z,,5093
I,KMTC LAEM CHABANG,HJIT3,NPPS,2024-06-20T12:00:00.000Z,,18318
"O,W",ES ROSE,PAL,N-HOB,2024-06-20T10:00:00.000Z,,5589
,BRIDGE WATER 168,PAL,SICT1,2024-06-20T07:30:00.000Z,JH,2658
"해,동,윤",SPRING BREEZE,42,DONG,2024-06-20T01:30:00.000Z,UM,21699
"R,S",DL RUBY,PAL,SKI 1,2024-06-20T07:00:00.000Z,,6716
"Q,W",MEGA PIONEER,JAK,KIST,2024-06-20T05:00:00.000Z,US,3543
"해,동,윤",EMMA OLDENDORFF,72,PAL,2024-06-20T03:30:00.000Z,CG,25431
"명,동,해",GLOVIS COURAGE,60,DONG,2024-06-20T23:30:00.000Z,,59060
"F2,C",HMM PROMISE,SNCT1,NPPS,2024-06-20T18:00:00.000Z,,114023
"I,성",PACIFIC BEIJING,NPPS,SNCT3,2024-06-20T21:00:00.000Z,,9940
미,XIN HAI 799,PAL,N16,2024-06-20T16:00:00.000Z,,2998
"N,O",JN IRIS,W9,SKI 1,2024-06-20T20:30:00.000Z,,8252
"Z,J,V,F3,Z",EAGLE VICTORIA,SKI 3,DONG,2024-06-20T14:30:00.000Z,,154163
"X,Y,D,C",KOOL FROST,LNG2,DONG,2024-06-20T13:30:00.000Z,,102100
"해,진",GOLD EAGLE,43,PAL,2024-06-20T18:00:00.000Z,,5580
"R,해,동",SWIFT ARROW,21,PAL,2024-06-20T13:00:00.000Z,,28157
"I,성",YA LU JIANG,SNCT3,NPPS,2024-06-20T11:00:00.000Z,,5250
T,BIRYONG,PAL,NIPT2,2024-06-20T09:30:00.000Z,JJ,14614
E,BAL STAR,E1CT,PAL,2024-06-20T07:00:00.000Z,BC,7409
"E,M",MOUNT RAINIER,JANG,N22,2024-06-20T01:30:00.000Z,SC,19887
,SKY HOPE,HJIT2,NPPS,2024-06-20T07:00:00.000Z,,9742
"M,해,동,진",CHANG SHIN,PAL,36,2024-06-20T04:00:00.000Z,JU,9223
"S,N",FC DELLA,PAL,SOD1,2024-06-20T02:00:00.000Z,,4956
M,CHANG YAHNG,SSC,PAL,2024-06-20T18:00:00.000Z,,5996
O,PEGASUS GLORY,PAL,E1CT,2024-06-20T23:00:00.000Z,,9908
"K,성",CONCERTO,NPPS,HJIT2,2024-06-20T17:00:00.000Z,,9972
"A,H,G,비,G",YOUNG SHIN,PAL,40,2024-06-20T21:00:00.000Z,,47677
"F2,B",HALLASAN EXPLORER,E1GT,DONG,2024-06-20T14:30:00.000Z,,48735
"O,W",XIN YU JIN XIANG,PAL,NIPT6,2024-06-20T20:00:00.000Z,,12304
E,수성 1호,PAL,SAMPYO,2024-06-20T14:30:00.000Z,,5969
"V,E",ARDMORE EXPLORER,JANG,SKI 3,2024-06-20T13:30:00.000Z,,29993
"H,B",PORTO GERMENO,NPPS,HJIT3,2024-06-20T12:00:00.000Z,,66573
G,XIN XIANG XUE LAN,PAL,NIPT5,2024-06-20T10:30:00.000Z,,32729
"K,L",WANHAI 283,NPPS,SNCT2,2024-06-20T08:00:00.000Z,BC,20924
"K,I",POS BANGKOK,SNCT3,NPPS,2024-06-20T07:00:00.000Z,CH,18085
"S,R",KEOJE CORDELIA,N-HOB,PAL,2024-06-20T06:30:00.000Z,,8689
W,JAEWON STELLA,JAK,KIST,2024-06-20T03:30:00.000Z,NS,2676
"Q,W",BEI JIANG,KICT,PAL,2024-06-20T02:00:00.000Z,JU,5250
"I,K",KMTC NAGOYA,NPPS,SNCT1,2024-06-20T18:00:00.000Z,,17933
"T,R",SAWASDEE RIGEL,PAL,ICT1,2024-06-20T22:00:00.000Z,,18072
"S,N",WOO DONG,PAL,SKI 2,2024-06-20T16:00:00.000Z,,8581
"성,I",AN DONG 68,NPPS,SNCT1,2024-06-20T21:00:00.000Z,,3988
"송,X,Y,C,L",ZARGA,JANG,LNG2,2024-06-20T14:30:00.000Z,,163922
N,TY IRIS,PAL,N11,2024-06-20T17:30:00.000Z,,4105
W,유진,JANG,YHD(IN)2,2024-06-20T18:30:00.000Z,,4727
M,STARSHIP DRACO,PAL,ICT1,2024-06-21T18:00:00.000Z,,18354
성,PACIFIC BEIJING,SNCT3,NPPS,2024-06-21T12:00:00.000Z,,9940
O,WEN CHENG,E4,N53,2024-06-21T15:30:00.000Z,,2423
B,PORTO GERMENO,HJIT3,NPPS,2024-06-21T12:00:00.000Z,,66573
성,TY IRIS,N11,PAL,2024-06-21T15:00:00.000Z,,4105
"B,Z",OOCL AMERICA,NPPS,SNCT1,2024-06-21T10:00:00.000Z,,66046
W,동방루비,PAL,N11,2024-06-21T14:00:00.000Z,,2879
"미,W",WOO DONG,SKI 2,PAL,2024-06-21T09:30:00.000Z,,8581
K,CONCERTO,HJIT2,NPPS,2024-06-21T07:00:00.000Z,CH,9972
I,KMTC SURABAYA,HJIT1,NPPS,2024-06-21T05:30:00.000Z,KK,28517
"E,N",FC GRACE,E6,N-HOB,2024-06-21T04:00:00.000Z,,4960
"O,V",XIN YU JIN XIANG,PAL,NIPT6,2024-06-21T00:40:00.000Z,UM,12304
N,K GAS,PAL,SOD1,2024-06-21T21:30:00.000Z,,1002
"G,T",ARDMORE EXPLORER,SKI 3,W10,2024-06-21T18:00:00.000Z,,29993
"W,N",RUIEN 7,N53,PAL,2024-06-21T16:00:00.000Z,,7887
"K,L",A ROKKO,NPPS,HJIT2,2024-06-21T12:00:00.000Z,,9562
E,HARMONY YUN GANG,PAL,NIPT1,2024-06-21T15:00:00.000Z,,35187
"성,I",AN DONG 68,SNCT1,NPPS,2024-06-21T10:00:00.000Z,,3988
"O,S",TIAN ZHUI,PAL,N21,2024-06-21T14:30:00.000Z,,8574
"O,진",JINHUA 11,PAL,41,2024-06-21T10:00:00.000Z,,1753
"S,N",KTS WHITE,GSD,PAL,2024-06-21T09:00:00.000Z,,2101
"A,H",KOREA VENUS,GS-HD,PAL,2024-06-21T13:30:00.000Z,,39543
"성,K",XIN TAI PING,NPPS,HJIT1,2024-06-21T06:30:00.000Z,KK,5275
"E,Q",ES ROSE,N-HOB,PAL,2024-06-21T04:00:00.000Z,JJ,5589
"W,미",WOO GUM,PAL,SOD1,2024-06-21T03:00:00.000Z,,2361
"R,T",MOUNT RAINIER,N22,DONG,2024-06-21T22:00:00.000Z,,19887
E,PEGASUS GLORY,E1CT,PAL,2024-06-21T21:00:00.000Z,,9908
R,SAWASDEE RIGEL,ICT2,PAL,2024-06-21T18:00:00.000Z,,18072
Q,JAEWON STELLA,KIST,JAK,2024-06-21T16:00:00.000Z,,2676
"성,I",REVERENCE,NPPS,SNCT3,2024-06-21T12:00:00.000Z,,9990
L,PEGASUS DREAM,NPPS,HJIT1,2024-06-21T15:00:00.000Z,,9924
Z,KMTC NAGOYA,SNCT1,NPPS,2024-06-21T10:00:00.000Z,,17933
"R,N",ARAFURA LILY,PAL,NIPT6,2024-06-21T14:00:00.000Z,,12335
"비,명,해",ANDRIA,73,PAL,2024-06-21T10:00:00.000Z,,39643
J,HUADONG PEARL 8,PAL,NIPT5,2024-06-21T08:30:00.000Z,LY,35092
"Q,S",JN IRIS,SKI 1,PAL,2024-06-21T13:00:00.000Z,,8252
L,STARSHIP AQUILA,NPPS,SNCT2,2024-06-21T06:00:00.000Z,,18064
L,WANHAI 283,SNCT2,NPPS,2024-06-21T04:00:00.000Z,JH,20924
Q,SUN OCEAN,N11,PAL,2024-06-21T01:00:00.000Z,,5093
"L,I",KMTC HAIPHONG,NPPS,SNCT2,2024-06-21T22:00:00.000Z,,18370
"F2,L",MAERSK NINGBO,NPPS,HJIT2,2024-06-21T20:00:00.000Z,,26404
T,수성 1호,SAMPYO,PAL,2024-06-21T14:00:00.000Z,,5969
E,LINA,PAL,SAMPYO,2024-06-21T15:30:00.000Z,,6983
"R,M",SHIN YANG,PAL,SSC,2024-06-21T14:00:00.000Z,,6422
"성,Q",DOOLA #5,PAL,N-HOB,2024-06-21T15:00:00.000Z,,3599
"N,O",FC DELLA,PAL,N-HOB,2024-06-21T23:00:00.000Z,,4956
"W,미",OCEAN GAS,PAL,SKI 1,2024-06-21T20:30:00.000Z,,3678
"I,L",SITC SHANGHAI,NPPS,HJIT2,2024-06-22T17:00:00.000Z,,17119
S,WEN CHENG,N53,PAL,2024-06-22T16:00:00.000Z,,2423
W,FC DELLA,N-HOB,PAL,2024-06-22T12:00:00.000Z,,4956
M,STARSHIP DRACO,ICT1,PAL,2024-06-22T12:00:00.000Z,,18354
I,SKY RAINBOW,NPPS,HJIT3,2024-06-22T11:00:00.000Z,,17944
"H,F3,B,V,명",BCH BRAMBERG,PAL,20,2024-06-22T06:00:00.000Z,CH,36303
E,BIRYONG,PAL,NIPT2,2024-06-22T09:30:00.000Z,,14614
"M,R",MORNING STAR,PAL,RHC,2024-06-22T04:00:00.000Z,,6117
"송,X,Y,C",ZARGA,LNG2,DONG,2024-06-22T07:30:00.000Z,UM,163922
S,XIN HAI 799,N16,PAL,2024-06-22T00:30:00.000Z,BJ,2998
I,MAERSK NINGBO,HJIT2,NPPS,2024-06-22T07:00:00.000Z,KK,26404
"I,K",XIN HE DA,NPPS,HJIT1,2024-06-22T21:30:00.000Z,,7808
"K,L",WANHAI 232,NPPS,SNCT1,2024-06-22T17:00:00.000Z,,17751
"J,L",OOCL AMERICA,SNCT1,NPPS,2024-06-22T16:00:00.000Z,,66046
"I,K",SAWASDEE DENEB,NPPS,SNCT2,2024-06-22T12:00:00.000Z,,18072
K,REVERENCE,SNCT3,NPPS,2024-06-22T12:00:00.000Z,,9990
"I,K",KOREA VISION,BUKJ2,E1GT,2024-06-22T07:00:00.000Z,SC,3872
"E,미",ES ROSE,PAL,KAL,2024-06-22T10:30:00.000Z,,5589
"M,A",HALLA NO.2,RHC,PAL,2024-06-22T04:00:00.000Z,BC,4881
"W,미,동,진",MERIDA,PAL,34,2024-06-22T09:00:00.000Z,,5275
"F3,M,R,V,명",MINNE APOLIS MIYO,PAL,36,2024-06-22T02:00:00.000Z,BJ,23550
성,PEGASUS DREAM,HJIT3,NPPS,2024-06-22T07:00:00.000Z,,9924
"S,Q",OCEAN GAS,SKI 1,PAL,2024-06-22T18:00:00.000Z,,3678
Q,K GAS,SOD1,PAL,2024-06-22T16:00:00.000Z,,1002
"R,T",MOUNT RAINIER,N22,DONG,2024-06-22T14:00:00.000Z,,19887
L,KMTC HAIPHONG,SNCT2,NPPS,2024-06-22T12:00:00.000Z,,18370
"W,미",MS GRACE,PAL,N-HOB,2024-06-22T11:30:00.000Z,,4060
"G,D",YM CREDIBILITY,PAL,ICT2,2024-06-22T06:30:00.000Z,JJ,32720
Z,XIN XIANG XUE LAN,PAL,NIPT5,2024-06-22T10:30:00.000Z,,32729
"J,H,A,V,명",WESTERN HIGHWAY,PAL,53,2024-06-22T04:00:00.000Z,KB,39422
"G,R",BRIDGE WATER 168,SICT1,PAL,2024-06-22T08:00:00.000Z,,2658
O,유진,YHD(IN)2,PAL,2024-06-22T01:00:00.000Z,,4727
K,STAR FRONTIER,HJIT1,NPPS,2024-06-22T07:00:00.000Z,OS,9949
"T,R",KMTC KEELUNG,PAL,ICT1,2024-06-22T23:00:00.000Z,,16731
T,LINA,SAMPYO,PAL,2024-06-22T16:00:00.000Z,,6983
M,HARMONY YUN GANG,NIPT1,PAL,2024-06-22T15:00:00.000Z,JH,35187
"M,성",XIN MING ZHOU 20,NPPS,SNCT2,2024-06-23T19:30:00.000Z,,9653
"Q,E",DIMA,PAL,N45,2024-06-23T17:00:00.000Z,,4860
T,SAMPYO 5,PAL,SAMPYO,2024-06-23T16:30:00.000Z,,7271
S,STAR EXPLORER,PAL,E1CT,2024-06-23T14:00:00.000Z,,9949
"M,E",EVER CLEVER,PAL,ICT2,2024-06-23T13:00:00.000Z,,18658
"K,성",RESURGENCE,NPPS,HJIT2,2024-06-23T10:00:00.000Z,,9443
"R,S",KEOJE CORDELIA,PAL,N-HOB,2024-06-23T04:00:00.000Z,JJ,8689
"W,미",MEGA PIONEER,KIST,JAK,2024-06-23T07:00:00.000Z,KB,3543
"Z,B,A,F1,H,B,Z,A",C MAJESTY,JANG,SKI 3,2024-06-23T03:00:00.000Z,NS,160619
E,유진,HIDC,PAL,2024-06-23T05:00:00.000Z,,4727
"V,F3,J,해,명",PEGASUS ACE,PAL,53,2024-06-23T05:00:00.000Z,JH,36893
"해,명,동",YOUNG SHIN,40,PAL,2024-06-23T21:30:00.000Z,,47677
"R,M,동,진",GOLDEN RESOLUTION,PAL,65,2024-06-23T19:00:00.000Z,,8045
"Q,E",TIAN ZHUI,N21,PAL,2024-06-23T17:00:00.000Z,,8574
L,SITC HUIMING,HJIT3,NPPS,2024-06-23T16:00:00.000Z,,29426
"해,명,동",SIERRA NEVADA HIGHWAY,44,DONG,2024-06-23T14:00:00.000Z,,44364
"Y,송,X,J",MACOMA,JANG,LNG2,2024-06-23T12:30:00.000Z,,113557
K,SITC SHANGHAI,HJIT2,NPPS,2024-06-23T10:00:00.000Z,,17119
"F2,D",CABO NEGRO 2,W10,SKI 2,2024-06-23T04:00:00.000Z,OS,30954
"S,Q",FC GRACE,PAL,KAL,2024-06-23T06:00:00.000Z,,4960
"K,I",SAWASDEE DENEB,SNCT2,NPPS,2024-06-23T03:00:00.000Z,,18072
"R,S",KYUNG HAE,PAL,GS-HD,2024-06-23T05:00:00.000Z,,5914
"S,미",MS GRACE,N-HOB,PAL,2024-06-23T04:30:00.000Z,RW,4060
"W,N",DOOLA #7,PAL,N-HOB,2024-06-23T20:00:00.000Z,,6402
"L,M",XIN HE DA,HJIT1,NPPS,2024-06-23T18:00:00.000Z,,7808
T,KMTC KEELUNG,ICT1,PAL,2024-06-23T17:00:00.000Z,,16731
"미,W",DL AMBER,PAL,SKI 1,2024-06-23T14:30:00.000Z,,7333
I,WANHAI 232,SNCT1,NPPS,2024-06-23T14:00:00.000Z,,17751
"O,W",POLARIS,PAL,SKI 4,2024-06-23T11:30:00.000Z,,11290
"N,W",WOO CHAN,PAL,SOD1,2024-06-23T04:30:00.000Z,UM,8539
"성,I",YA LU JIANG,NPPS,SNCT2,2024-06-23T09:00:00.000Z,,5250
C,YM CREDIBILITY,ICT2,PAL,2024-06-23T03:00:00.000Z,JJ,32720
"미,Q",ES ROSE,KAL,PAL,2024-06-23T05:30:00.000Z,,5589
"해,명,동",WESTERN HIGHWAY,53,DONG,2024-06-23T01:00:00.000Z,BJ,39422
"E,M",JA YANG,PAL,HIDC,2024-06-23T05:00:00.000Z,,4739
"N,S",POLARIS,SKI 4,PAL,2024-06-24T07:30:00.000Z,US,11290
E,JA YANG,HIDC,PAL,2024-06-24T04:00:00.000Z,,4739
"L,M",ESTIMA,NPPS,HJIT1,2024-06-24T06:30:00.000Z,NS,9587
N,WOO CHAN,SOD1,PAL,2024-06-24T00:30:00.000Z,,8539
O,JING HAO,PAL,N42,2024-06-24T06:00:00.000Z,JH,1499
"B,V,H,V,명,동",STAR EMERALD,E1,72,2024-06-24T05:30:00.000Z,KK,44114
"C,R",EVER OPTIMA,PAL,ICT2,2024-06-24T20:00:00.000Z,,27025
"Z,E",SHIN YANG,SSC,PAL,2024-06-24T18:00:00.000Z,,6422
"F3,G",KOREA VENUS,PAL,GS-HD,2024-06-24T17:00:00.000Z,,39543
"O,W",XIN YU JIN XIANG,PAL,NIPT6,2024-06-24T15:00:00.000Z,,12304
"Y,U,송,C",MACOMA,LNG2,DONG,2024-06-24T13:00:00.000Z,,113557
미,DOOLA #7,N-HOB,PAL,2024-06-24T11:00:00.000Z,,6402
"Q,S",TY INCHEON,PAL,E1CT,2024-06-24T09:00:00.000Z,,7726
"W,O",DL AMBER,SKI 1,PAL,2024-06-24T05:00:00.000Z,NS,7333
"K,성",AN DONG 68,NPPS,SNCT3,2024-06-24T07:00:00.000Z,SC,3988
"R,T,동,진",GOLDEN RESOLUTION,PAL,65,2024-06-24T01:30:00.000Z,RW,8045
"Q,W",KYUNG HAE,GS-HD,PAL,2024-06-24T06:00:00.000Z,,5914
Q,HONG YANG,PAL,N45,2024-06-24T06:00:00.000Z,CH,1972
"A,F3,B,비,명",RIGEL LEADER,PAL,52,2024-06-24T20:00:00.000Z,,59337
"B,T",AFRICAN LAPWING,JANG,N41,2024-06-24T17:00:00.000Z,,24785
"L,M",SUNNY CAMELLIA,NPPS,SNCT3,2024-06-24T17:00:00.000Z,,9563
"X,U,송,D",SK RESOLUTE,JANG,LNG2,2024-06-24T15:00:00.000Z,,117031
"K,성",XIN MING ZHOU 20,SNCT2,NPPS,2024-06-24T12:00:00.000Z,,9653
"해,진",한나래,12,PAL,2024-06-24T11:00:00.000Z,,6280
"F2,R",TS NANSHA,PAL,ICT1,2024-06-24T09:00:00.000Z,,27208
"E,T",SJ HOPE,PAL,SOD1,2024-06-24T05:00:00.000Z,UM,5025
"J,A,F2,Z,A",C MAJESTY,SKI 3,DONG,2024-06-24T07:00:00.000Z,RW,160619
"해,명,동",PEGASUS ACE,53,DONG,2024-06-24T01:00:00.000Z,UM,36893
"J,A",CABO NEGRO 2,SKI 2,DONG,2024-06-24T06:00:00.000Z,LY,30954
"N,S",MS GRACE,PAL,KAL,2024-06-24T05:30:00.000Z,US,4060
T,MORNING STAR,RHC,PAL,2024-06-24T18:00:00.000Z,,6117
"W,N",DIMA,N45,PAL,2024-06-24T17:00:00.000Z,,4860
"N,Q",WOO HYUK,PAL,SKI 2,2024-06-24T15:00:00.000Z,,5025
"M,성",A ROKKO,NPPS,HJIT2,2024-06-24T13:00:00.000Z,,9562
"미,O",ES ROSE,PAL,N-HOB,2024-06-24T11:00:00.000Z,,5589
H,HUADONG PEARL 8,PAL,NIPT5,2024-06-24T10:00:00.000Z,,35092
M,SAMPYO 5,SAMPYO,PAL,2024-06-24T08:00:00.000Z,,7271
"H,V,B,비,명",RARAKA,PAL,73,2024-06-24T15:00:00.000Z,CG,41394
"L,I",KMTC INCHEON,NPPS,SNCT1,2024-06-24T23:30:00.000Z,,17933
진,JINHUA 11,41,PAL,2024-06-24T19:00:00.000Z,CR,1753
R,NEW GOLDEN BRIDGE 7,NIPT4,PAL,2024-06-24T18:30:00.000Z,CG,30322
"F1,Z",TS TACOMA,PAL,ICT1,2024-06-25T08:00:00.000Z,KN,29658
L,STARSHIP LEO,NPPS,SNCT2,2024-06-25T07:00:00.000Z,,20920
"A,V",ARAFURA LILY,PAL,NIPT6,2024-06-25T06:30:00.000Z,GJ,12335
"미,W",BEI JIANG,PAL,KICT,2024-06-25T05:30:00.000Z,HY,5250
"F1,J,G",MARLIN LA PLATA,JANG,SKI 3,2024-06-25T04:30:00.000Z,GH,65552
"E,Q",SJ HOPE,SOD1,PAL,2024-06-25T04:00:00.000Z,HY,5025
"O,E",XIN YU JIN XIANG,NIPT6,PAL,2024-06-25T00:30:00.000Z,YM,12304
"X,U,송,C",SK RESOLUTE,LNG2,DONG,2024-06-25T17:30:00.000Z,,117031
M,HARMONY YUN GANG,PAL,NIPT1,2024-06-25T15:30:00.000Z,,35187
Q,JIA HE,PAL,N21,2024-06-25T12:00:00.000Z,,1499
R,BIRYONG,PAL,NIPT2,2024-06-25T09:30:00.000Z,KK,14614
"W,O",HUA CHEN 26,PAL,N44,2024-06-25T07:30:00.000Z,BC,10565
"M,K",BEI HAI,NPPS,HJIT3,2024-06-25T07:00:00.000Z,US,5272
"R,Z",수성 2,PAL,SAMPYO,2024-06-25T06:00:00.000Z,,5963
"S,N",WOO HYUK,SKI 4,PAL,2024-06-25T05:00:00.000Z,,5025
"B,T",AFRICAN LAPWING,JANG,N41,2024-06-25T04:00:00.000Z,CN,24785
"L,M",CONSISTENCE,NPPS,HJIT2,2024-06-25T01:30:00.000Z,YM,9972
"S,진",XI YUAN,PAL,23,2024-06-25T18:00:00.000Z,,1998
"G,V",KOREA VENUS,GS-HD,PAL,2024-06-25T16:30:00.000Z,,39543
H,EVER OPTIMA,ICT2,PAL,2024-06-25T15:00:00.000Z,,27025
L,KMTC INCHEON,SNCT1,NPPS,2024-06-25T12:00:00.000Z,,17933
"W,N",KS HONOR,PAL,SKI 1,2024-06-25T08:30:00.000Z,,7057
S,PILLOS 1,E3,HIT,2024-06-25T07:00:00.000Z,,1899
K,SUNNY CAMELLIA,SNCT3,NPPS,2024-06-25T07:00:00.000Z,KN,9563
"O,S",WOOLIM DRAGON 7,PAL,SOD1,2024-06-25T06:00:00.000Z,,6398
W,ES ROSE,N-HOB,PAL,2024-06-25T05:00:00.000Z,,5589
"해,진",GOLDEN RESOLUTION,65,PAL,2024-06-25T04:00:00.000Z,GJ,8045
"미,Q",VICTORY STAR,PAL,E1CT,2024-06-25T00:30:00.000Z,KB,7406
"N,진",TY BONNY,LE,30,2024-06-25T18:00:00.000Z,,2615
"Q,S,해,진",GLOBAL STAR,PAL,44,2024-06-25T16:00:00.000Z,,4109
"V,N",HONG YANG 28,PAL,E1CT,2024-06-25T14:00:00.000Z,,11856
T,XIN XIANG XUE LAN,PAL,NIPT5,2024-06-25T10:30:00.000Z,,32729
"비,명,해",RIGEL LEADER,52,DONG,2024-06-25T18:30:00.000Z,,59337
"R,T",TS XIAMEN,PAL,ICT2,2024-06-25T19:30:00.000Z,,18725
"J,G,D,비,명",DREAM BEAUTY V-004,PAL,52,2024-06-25T19:00:00.000Z,,41662
"N,O",DOOLA #7,PAL,N-HOB,2024-06-25T19:00:00.000Z,,6402
"W,미",우성,PAL,GSD,2024-06-25T13:00:00.000Z,,1998
E,DOOLA #7,N-HOB,PAL,2024-06-26T07:30:00.000Z,,6402
"Z,G",MORNING VICTORY,PAL,RHC,2024-06-26T07:00:00.000Z,,5222
"L,M",LECANGS DOLPHIN,NPPS,SNCT2,2024-06-26T06:00:00.000Z,KN,18680
S,DB SUNNY,E2,HIT,2024-06-26T05:00:00.000Z,,1599
"성,M",REVERENCE,NPPS,SNCT3,2024-06-26T04:00:00.000Z,HY,9990
"N,O",MS CLEAN,PAL,SOD1,2024-06-26T00:30:00.000Z,,3773
"W,진",DORIS,PAL,41,2024-06-26T07:00:00.000Z,YM,1941
"미,S",SKY VICTORIA,PAL,E1CT,2024-06-26T07:00:00.000Z,,9592
T,수성 2,SAMPYO,PAL,2024-06-26T06:00:00.000Z,,5963
"R,D",KEN GOH,JANG,N14,2024-06-26T05:00:00.000Z,GD,19707
"A,F3,B,비,명",MORNING COURIER,PAL,53,2024-06-26T03:30:00.000Z,CN,57692
S,WOOLIM DRAGON 7,SOD1,PAL,2024-06-26T00:30:00.000Z,,6398
"송,Y,U,J",PUTERI ZAMRUD,JANG,LNG2,2024-06-26T08:00:00.000Z,KK,86205
"E,T,동,진",JI HANG 56,PAL,43,2024-06-26T07:00:00.000Z,KU,9998
E,수성 1호,PAL,SAMPYO,2024-06-26T06:30:00.000Z,,5969
"O,W",DL RUBY,PAL,SKI 2,2024-06-26T05:00:00.000Z,,6716
"N,Q",DS PROSPERITY 7,PAL,N15,2024-06-26T04:00:00.000Z,US,7167
진,TY BONNY,30,LE,2024-06-26T02:00:00.000Z,CR,2615
"H,L",MERATUS TOMINI,NPPS,HJIT3,2024-06-26T20:00:00.000Z,,28050
"N,Q",OCEAN GAS,PAL,SKI 1,2024-06-26T16:30:00.000Z,,3678
"K,성",A ROKKO,NPPS,HJIT1,2024-06-26T11:30:00.000Z,,9562
"Q,S",ES ROSE,PAL,KAL,2024-06-26T19:30:00.000Z,,5589
"N,G,E,N",BEI JIANG,KICT,ICT1,2024-06-26T19:00:00.000Z,,5250
R,TS XIAMEN,ICT2,PAL,2024-06-26T08:00:00.000Z,,18725
"C,A,F2,비,명",GMT ASTRO,PAL,40,2024-06-26T22:00:00.000Z,,48017
"H,B",ADAMS,NPPS,HJIT2,2024-06-26T17:00:00.000Z,,66462
"성,K",KOREA VISION,BUKJ2,E1GT,2024-06-26T15:00:00.000Z,,3872
"K,M",SITC CHANGDE,NPPS,HJIT3,2024-06-26T19:30:00.000Z,,19001
"비,명",STAR EMERALD,72,51,2024-06-26T10:00:00.000Z,,44114
"W,미",FC GRACE,E6,SOD1,2024-06-26T19:00:00.000Z,,4960
"D,A",MARLIN LA PLATA,SKI 3,DONG,2024-06-26T18:00:00.000Z,,65552
"H,L",XIN QING DAO,NPPS,SNCT1,2024-06-26T08:00:00.000Z,BJ,66433
"성,K",YA LU JIANG,NPPS,SNCT3,2024-06-26T18:00:00.000Z,,5250
"해,진",GLOBAL STAR,44,PAL,2024-06-26T22:00:00.000Z,,4109
"F2,Z",AAL HONG KONG,PAL,N12,2024-06-26T17:00:00.000Z,,23930
"E,N",KS HONOR,SKI 1,PAL,2024-06-26T12:00:00.000Z,,7057
"A,F2,F3,비,명",NEW BOUNDARY,PAL,72,2024-06-26T19:30:00.000Z,,31878
B,HUADONG PEARL 8,PAL,NIPT5,2024-06-26T08:30:00.000Z,,35092
"비,명,동",DREAM BEAUTY V-004,52,DONG,2024-06-26T19:00:00.000Z,,41662
진,XI YUAN,23,PAL,2024-06-26T17:30:00.000Z,,1998
"비,명,해",DREAM BEAUTY,52,DONG,2024-06-26T19:00:00.000Z,,41662
"K,성",SKY IRIS,NPPS,HJIT1,2024-06-27T21:00:00.000Z,,9980
"T,R",MORNING SKY,PAL,RHC,2024-06-27T19:30:00.000Z,,6422
"성,K",AN DONG 68,NPPS,SNCT3,2024-06-27T19:00:00.000Z,,3988
"N,Q",HAN YU DREAM,PAL,GSD,2024-06-27T10:00:00.000Z,,2114
"미,O",SHIN LINE 11,PAL,N45,2024-06-27T17:00:00.000Z,,9799
"K,L",YA LU JIANG,SNCT3,NPPS,2024-06-27T10:00:00.000Z,,5250
"미,W,동,진",HMCS MONTREAL,PAL,13,2024-06-27T08:30:00.000Z,YM,6062
J,ADAMS,HJIT3,NPPS,2024-06-27T11:00:00.000Z,,66462
"N,W",KEOJE CORDELIA,PAL,N-HOB,2024-06-27T10:30:00.000Z,,8689
"Q,E",DOOLA STAR,PAL,KAL,2024-06-27T08:00:00.000Z,,5770
"성,M",KOREA VISION,E1GT,BUKJ2,2024-06-27T07:00:00.000Z,KU,3872
미,우성,PAL,HIT,2024-06-27T06:00:00.000Z,,1998
"R,Z",TS BANGKOK,PAL,ICT2,2024-06-27T04:30:00.000Z,GD,17449
"R,E",BEI JIANG,ICT1,PAL,2024-06-27T02:00:00.000Z,KK,5250
"S,N",DS PROSPERITY 7,N15,PAL,2024-06-27T23:00:00.000Z,,7167
"T,R",KEN GOH,N14,DONG,2024-06-27T23:00:00.000Z,,19707
"Z,M",WAN HAI 292,NPPS,SNCT1,2024-06-27T21:00:00.000Z,,20918
"M,A",JA YANG,PAL,HIDC,2024-06-27T19:00:00.000Z,,4739
진,DORIS,41,PAL,2024-06-27T18:00:00.000Z,,1941
Q,FC GRACE,SOD1,PAL,2024-06-27T10:00:00.000Z,,4960
R,BIRYONG,PAL,NIPT2,2024-06-27T09:30:00.000Z,,14614
"N,W",OCEAN GAS,SKI 1,PAL,2024-06-27T15:00:00.000Z,,3678
"U,송,X,Y",SM EAGLE,JANG,LNG2,2024-06-27T08:00:00.000Z,US,115716
F1,MERATUS TOMINI,HJIT2,NPPS,2024-06-27T11:00:00.000Z,,28050
"E,Z,해,진",YORK 27,PAL,52,2024-06-27T10:30:00.000Z,,8638
"J,E",ES ROSE,KAL,PAL,2024-06-27T08:00:00.000Z,,5589
"F1,H",XIN QING DAO,SNCT1,NPPS,2024-06-27T07:00:00.000Z,YM,66433
K,REVERENCE,SNCT2,NPPS,2024-06-27T06:00:00.000Z,KN,9990
"G,D,V,비,명",PEGASUS ACE,PAL,53,2024-06-27T03:30:00.000Z,KB,36893
"N,S",HUA CHEN 26,N44,PAL,2024-06-27T02:00:00.000Z,BC,10565
"비,명,해",BCH BRAMBERG,20,PAL,2024-06-27T23:00:00.000Z,,36303
"동,해,비",WOOYANG CLES,24,DONG,2024-06-27T21:00:00.000Z,,26303
"S,N",WOO LIM 5,PAL,SOD1,2024-06-27T19:30:00.000Z,,8072
A,MORNING VICTORY,RHC,PAL,2024-06-27T19:00:00.000Z,,5222
"B,T",AFRICAN LAPWING,N41,DONG,2024-06-27T18:00:00.000Z,,24785
"O,A",SUNRISE AUTUMN,PAL,N31,2024-06-27T10:00:00.000Z,,13069
"W,N",인천함,PAL,NAVD,2024-06-27T09:00:00.000Z,,3000
"J,M",SITC CHANGDE,NPPS,HJIT3,2024-06-27T11:00:00.000Z,,19001
"송,X,Y,C",PUTERI ZAMRUD,LNG2,DONG,2024-06-27T08:00:00.000Z,HY,86205
"K,T",KMTC LAEM CHABANG,NPPS,HJIT2,2024-06-27T11:00:00.000Z,,18318
H,XIN XIANG XUE LAN,PAL,NIPT5,2024-06-27T10:30:00.000Z,,32729
"성,K",HEUNG-A HAIPHONG,NPPS,HJIT1,2024-06-27T07:30:00.000Z,GH,9960
"L,M",SKY CHALLENGE,NPPS,SNCT2,2024-06-27T07:00:00.000Z,GD,20738
"B,V",AFRICAN ORIOLE,JANG,N11,2024-06-27T04:30:00.000Z,CR,24725
"해,진",GLOBAL STAR,44,PAL,2024-06-27T03:00:00.000Z,KU,4109
"Q,V",XIN YU JIN XIANG,PAL,NIPT6,2024-06-27T23:00:00.000Z,,12304
"O,진",YU LIN,PAL,25,2024-06-27T16:30:00.000Z,,2976
I,K GAS,PAL,E1GT,2024-06-27T16:00:00.000Z,,1002
T,수성 1호,SAMPYO,PAL,2024-06-27T21:00:00.000Z,,5969
"I,L",JAN,NPPS,SNCT1,2024-06-28T18:00:00.000Z,,17280
"동,R,해",MINNE APOLIS MIYO,36,PAL,2024-06-28T23:59:00.000Z,,23550
"W,O",FORTUNE KAREN,W4,SKI 2,2024-06-28T17:00:00.000Z,,7699
K,WAN HAI 292,SNCT1,NPPS,2024-06-28T16:00:00.000Z,,20918
"N,S",인천함,NAVD,PAL,2024-06-28T15:00:00.000Z,,3000
"명,비,R",RARAKA,73,PAL,2024-06-28T14:00:00.000Z,,41394
"O,S,동,진",한나래,PAL,17,2024-06-28T11:30:00.000Z,,6280
"U,송,X,Y",SM EAGLE,LNG2,DONG,2024-06-28T10:00:00.000Z,,115716
"Q,E",XIN YU JIN XIANG,PAL,NIPT6,2024-06-28T06:30:00.000Z,KN,12304
"W,O",DOOLA #7,E5,N-HOB,2024-06-28T03:00:00.000Z,,6402
"성,M",XIN TAI PING,NPPS,HJIT3,2024-06-28T09:00:00.000Z,,5275
V,HUADONG PEARL 8,PAL,NIPT5,2024-06-28T08:30:00.000Z,,35092
T,MORNING SKY,RHC,PAL,2024-06-28T21:00:00.000Z,,6422
S,JAEWON STELLA,JAK,KIST,2024-06-28T07:30:00.000Z,JU,2676
"L,I",RESURGENCE,NPPS,HJIT1,2024-06-28T19:00:00.000Z,,9443
M,HARMONY YUN GANG,PAL,NIPT1,2024-06-28T18:00:00.000Z,,35187
"F3,E",AFRICAN ORIOLE,N11,DONG,2024-06-28T23:00:00.000Z,,24725
"G,V",ARAFURA LILY,PAL,NIPT6,2024-06-28T17:00:00.000Z,,12335
"명,비,R",PEGASUS ACE,53,DONG,2024-06-28T16:00:00.000Z,,36893
"B,L",SM CHALLENGER,YHD3,DONG,2024-06-28T14:30:00.000Z,,51158
성,SKY IRIS,HJIT1,NPPS,2024-06-28T12:00:00.000Z,,9980
"성,K",CONCERTO,NPPS,HJIT2,2024-06-28T10:00:00.000Z,,9972
"성,M",AN DONG 68,SNCT3,NPPS,2024-06-28T07:00:00.000Z,GD,3988
"O,W",DOOLA STAR,KAL,PAL,2024-06-28T06:00:00.000Z,,5770
K,KMTC LAEM CHABANG,HJIT2,NPPS,2024-06-28T10:00:00.000Z,,18318
"E,미",KEOJE CORDELIA,N-HOB,PAL,2024-06-28T03:00:00.000Z,,8689
G,LINA,PAL,SAMPYO,2024-06-28T08:30:00.000Z,,6983
"A,F1",WOOYANG FRIEND,YHD1,YHD1,2024-06-28T08:00:00.000Z,GJ,43158
M,K GAS,BUKJ2,SOD1,2024-06-28T20:30:00.000Z,,1002
"해,진",JI HANG 56,43,PAL,2024-06-28T19:00:00.000Z,,9998
미,WOO LIM 5,SOD1,PAL,2024-06-28T17:30:00.000Z,,8072
"O,W",FC GRACE,PAL,N-HOB,2024-06-28T22:00:00.000Z,,4960
"K,L",SM TOKYO,NPPS,HJIT3,2024-06-28T17:00:00.000Z,,9928
"S,진",REMIT,PAL,41,2024-06-28T16:00:00.000Z,,1972
"N,Q",ES ROSE,PAL,KAL,2024-06-28T14:00:00.000Z,,5589
"I,K",A ROKKO,NPPS,HJIT1,2024-06-28T12:00:00.000Z,,9562
"J,T",GROUSE ARROW,PAL,N13,2024-06-28T10:00:00.000Z,,28157
"W,O",MEGA PIONEER,JAK,KIST,2024-06-28T06:30:00.000Z,BJ,3543
"S,미",DL AMBER,PAL,SKI 3,2024-06-28T05:00:00.000Z,,7333
"O,진",YU LIN,PAL,25,2024-06-28T09:00:00.000Z,,2976
C,SKY CHALLENGE,SNCT2,NPPS,2024-06-28T01:40:00.000Z,CR,20738
M,SITC CHANGDE,HJIT3,NPPS,2024-06-28T08:30:00.000Z,,19001
"K,성",SUNNY ROSE,NPPS,HJIT3,2024-06-28T21:00:00.000Z,,9865
"H,V,J,명,비",YING SHUN,LEN,42,2024-06-28T07:30:00.000Z,YM,43990
"S,N",7 DEABOK,PAL,GSD,2024-06-28T19:00:00.000Z,,1996
T,JA YANG,HIDC,PAL,2024-06-28T19:00:00.000Z,,4739
"K,성",SUNNY ROSE,NPPS,HJIT2,2024-06-29T02:00:00.000Z,UM,9865
"E,T,Q,동,R",DE LONG,PAL,40,2024-06-29T22:30:00.000Z,,12527
N,PEGASUS GLORY,PAL,E1CT,2024-06-29T12:00:00.000Z,,9908
"명,비,R",GMT ASTRO,40,PAL,2024-06-29T19:00:00.000Z,,48017
T,XIN XIANG XUE LAN,PAL,NIPT5,2024-06-29T10:30:00.000Z,,32729
"미,W",SHIN LINE 11,N45,PAL,2024-06-29T18:00:00.000Z,,9799
"N,Q",SJ HOPE,PAL,SOD1,2024-06-29T16:00:00.000Z,,5025
"R,T",QUEZON BRIDGE,PAL,ICT2,2024-06-29T09:30:00.000Z,,17211
"명,비,동",STAR EMERALD,51,DONG,2024-06-29T14:00:00.000Z,,44114
"Z,F3",KOREA VENUS,PAL,GS-HD,2024-06-29T09:00:00.000Z,,39543
성,SM TOKYO,HJIT3,NPPS,2024-06-29T08:00:00.000Z,,9928
"F3,E",AFRICAN ORIOLE,N11,DONG,2024-06-29T07:00:00.000Z,CR,24725
"N,O",7 DEABOK,GSD,PAL,2024-06-29T06:00:00.000Z,,1996
성,CONCERTO,HJIT1,NPPS,2024-06-29T05:00:00.000Z,KB,9972
"F3,M",TORM AUSTRALIA,JANG,SKI 3,2024-06-29T02:30:00.000Z,YM,29726
"I,L",HANSA FRESENBURG,NPPS,HJIT3,2024-06-29T23:00:00.000Z,,18296
"동,R,해",MINNE APOLIS MIYO,36,PAL,2024-06-29T02:00:00.000Z,CN,23550
"해,진",YORK 27,52,PAL,2024-06-29T22:00:00.000Z,,8638
"R,S",SUNRISE AUTUMN,N31,PAL,2024-06-29T13:00:00.000Z,,13069
R,FC GRACE,N-HOB,PAL,2024-06-29T12:00:00.000Z,,4960
"C,J",GROUSE ARROW,N13,PAL,2024-06-29T18:00:00.000Z,,28157
W,동방루비,N11,PAL,2024-06-29T16:00:00.000Z,,2879
"Y,송,X,D,L",AL SAMRIYA,JANG,LNG2,2024-06-29T10:30:00.000Z,,168189
"D,B",ORIENTAL ENTERPRISE,JANG,YHD3,2024-06-29T15:00:00.000Z,,48042
"D,성",XIN HE DA,NPPS,HJIT3,2024-06-29T09:30:00.000Z,,7808
T,LINA,SAMPYO,PAL,2024-06-29T09:00:00.000Z,,6983
"B,I",HARMONY CHEMIST,JANG,KAL,2024-06-29T07:30:00.000Z,KN,30087
"Q,S",FORTUNE KAREN,SKI 2,PAL,2024-06-29T07:00:00.000Z,JU,7699
"N,S",ES ROSE,KAL,PAL,2024-06-29T06:00:00.000Z,,5589
K,JAN,SNCT1,NPPS,2024-06-29T05:00:00.000Z,CR,17280
I,RESURGENCE,HJIT2,NPPS,2024-06-29T02:00:00.000Z,CG,9443
M,SAMPYO 5,PAL,SAMPYO,2024-06-29T22:30:00.000Z,,7271
"미,Q",WOO CHOON,PAL,GSD,2024-06-29T13:00:00.000Z,,3969
"M,E,해,진",ARAON,PAL,12,2024-06-29T19:30:00.000Z,,7507
"S,N",FC DELLA,PAL,N-HOB,2024-06-29T12:00:00.000Z,,4956
K,POS SINGAPORE,NPPS,HJIT2,2024-06-29T18:00:00.000Z,,17846
Q,K GAS,SOD1,BUKJ2,2024-06-29T16:00:00.000Z,,1002
E,BIRYONG,PAL,NIPT2,2024-06-29T09:30:00.000Z,,14614
,DOOLA STAR,PAL,N-HOB,2024-06-29T15:00:00.000Z,,5770
"A,F2,H,J",STAR ORION,JANG,YHD1,2024-06-29T09:00:00.000Z,KI,89076
"E,M",HALLA FRONTIER,PAL,RHC,2024-06-29T08:00:00.000Z,,4881
"F2,C",WOOYANG FRIEND,YHD1,DONG,2024-06-29T07:30:00.000Z,GH,43158
H,DONGJIN CONTINENTAL,NPPS,HJIT3,2024-06-29T07:00:00.000Z,,9946
"Z,G,V,명,비",PEGASUS ACE,PAL,60,2024-06-29T06:00:00.000Z,HY,36893
"A,G,M,명,비",DARYA MAHI,PAL,21,2024-06-29T04:00:00.000Z,CN,24755
"Q,S",SC SHANGHAI,JANG,SKI 2,2024-06-29T18:00:00.000Z,KU,8562
"W,O",BAL STAR,PAL,E1CT,2024-06-30T12:00:00.000Z,,7409
"K,L",REVERENCE,NPPS,SNCT1,2024-06-30T20:00:00.000Z,,9990
W,동방루비,N11,PAL,2024-06-30T11:00:00.000Z,,2879
"미,S",SHIN LINE 11,N45,PAL,2024-06-30T19:30:00.000Z,,9799
"명,비,R",PEGASUS ACE,51,DONG,2024-06-30T17:30:00.000Z,,36893
E,PEGASUS GLORY,E1CT,PAL,2024-06-30T10:00:00.000Z,,9908
"O,진",RICH ANNA,PAL,43,2024-06-30T14:00:00.000Z,,2188
"I,K",YA LU JIANG,NPPS,SNCT3,2024-06-30T08:00:00.000Z,,5250
"F1,L",SITC QIUMING,NPPS,HJIT3,2024-06-30T06:00:00.000Z,,29232
"J,H,A,명,비",TIRRANNA,PAL,53,2024-06-30T01:30:00.000Z,,71673
"F1,L",STARSHIP JUPITER,NPPS,HJIT2,2024-06-30T12:00:00.000Z,,27997
N,DB SUNNY,W4,HIT,2024-06-30T20:00:00.000Z,,1599
"해,진",YORK 27,52,PAL,2024-06-30T19:00:00.000Z,,8638
"N,Q,동,진",YU SHUN,PAL,73,2024-06-30T11:00:00.000Z,,4378
"N,S",SJ HOPE,SOD1,PAL,2024-06-30T16:00:00.000Z,,5025
"미,W",MEGA PIONEER,KIST,JAK,2024-06-30T09:00:00.000Z,,3543
"L,I",XIN MING ZHOU 20,NPPS,SNCT2,2024-06-30T13:00:00.000Z,,9653
"B,F1",HARMONY CHEMIST,KAL,E1,2024-06-30T07:00:00.000Z,,30087
"K,L",XIN HE DA,HJIT3,NPPS,2024-06-30T06:00:00.000Z,,7808
"해,진",MERIDA,34,PAL,2024-06-30T01:00:00.000Z,,5275
I,POS SINGAPORE,HJIT2,NPPS,2024-06-30T12:00:00.000Z,,17846
W,KUN YUAN,PAL,N11,2024-06-30T23:30:00.000Z,,2581
"E,미",WOO CHOON,GSD,PAL,2024-06-30T11:30:00.000Z,,3969
"B,E",TORM AUSTRALIA,SKI 3,DONG,2024-06-30T20:00:00.000Z,,29726
"G,M",WAN DA 9,PAL,N44,2024-06-30T19:00:00.000Z,,15953
"V,H",OBE QUEEN,PAL,N14,2024-06-30T10:30:00.000Z,,30221
I,HANSA FRESENBURG,HJIT1,NPPS,2024-06-30T15:00:00.000Z,,18296
"Z,B",KOREA VENUS,GS-HD,PAL,2024-06-30T08:30:00.000Z,,39543
"Q,S",DOOLA #7,PAL,N-HOB,2024-06-30T06:30:00.000Z,,6402
S,DOOLA STAR,N-HOB,PAL,2024-06-30T04:00:00.000Z,,5770
"Q,S",FC GRACE,E5,N-HOB,2024-06-30T22:00:00.000Z,,4960
E,SAMPYO 5,SAMPYO,PAL,2024-06-30T23:00:00.000Z,,7271
"M,W",OCEAN GAS,PAL,SKI 1,2024-06-30T18:30:00.000Z,,3678