기준예선,배정예선,선박명,From,작업 시작지,작업 종료지,To,실제 스케줄 시작 시각,실제 스케줄 종료 시각,작업까지 이동 거리(km),작업까지 이동 시간(분),작업중 이동 거리(km),작업중 이동 시간(분),도선사,톤수,선종,최종 스케줄 시각,최초 스케줄 시각,최초 작업시작지,최초 작업종료지,최초 예선,최초 도선사,AIS 파일명 target,AIS 파일명 tug
I,"성,I",REVERENCE,,NPPS,SNCT2,송도정계지,2024-06-08T07:32:18.000Z,2024-06-08T08:15:18.000Z,8.6,30.0,4.9,38.0,KU,9990,풀컨테이너선,2024-06-08T07:00:00.000Z,2024-06-08T07:00:00.000Z,NPPS,SNCT2,성I,KU,쥬피터1호_REVERENCE_2024-06-08_target_1_aisData.csv,쥬피터1호_REVERENCE_2024-06-08_tug_1_aisData.csv
M,"F1,M",SEAWAYS MOMENT,,SKI 2,DONG,,2024-06-08T07:10:18.000Z,2024-06-08T07:20:18.000Z,0.6,2.0,1.9,5.0,JJ,29293,케미칼 운반선,2024-06-08T07:00:00.000Z,2024-06-08T07:00:00.000Z,SKI 2,DONG,F1M,JJ,뉴마스호_SEAWAYS MOMENT_2024-06-08_target_2_aisData.csv,뉴마스호_SEAWAYS MOMENT_2024-06-08_tug_2_aisData.csv
T,"T,S",YURIY TARAPUROV,연안부두정계지,PAL,N53,,2024-06-08T10:51:18.000Z,2024-06-08T11:01:19.000Z,5.7,26.0,2.6,35.0,CY,7949,일반화물선,2024-06-08T09:20:00.000Z,2024-06-08T09:00:00.000Z,PAL,N53,TS,CY,대창호_YURIY TARAPUROV_2024-06-08_target_3_aisData.csv,대창호_YURIY TARAPUROV_2024-06-08_tug_3_aisData.csv
M,M,BIRYONG,연안부두정계지,PAL,NIPT2,,2024-06-08T10:26:18.000Z,2024-06-08T11:01:18.000Z,5.2,47.0,3.4,30.0,KI,14614,국제카페리,2024-06-08T09:50:00.000Z,2024-06-08T09:30:00.000Z,PAL,NIPT2,M,KI,뉴마스호_BIRYONG_2024-06-08_target_4_aisData.csv,뉴마스호_BIRYONG_2024-06-08_tug_4_aisData.csv
M,M,XIN XIANG XUE LAN,,PAL,NIPT5,연안부두정계지,2024-06-08T11:20:18.000Z,2024-06-08T11:59:18.000Z,4.0,27.0,4.6,34.0,JJ,32729,국제카페리,2024-06-08T10:50:00.000Z,2024-06-08T10:30:00.000Z,PAL,NIPT5,M,,뉴마스호_XIN XIANG XUE LAN_2024-06-08_target_5_aisData.csv,뉴마스호_XIN XIANG XUE LAN_2024-06-08_tug_5_aisData.csv
N,"N,O",SEONGHO PIOCE,연안부두정계지,PAL,SKI 2,북항임시정계지,2024-06-08T15:02:19.000Z,2024-06-08T15:43:19.000Z,7.6,30.0,2.9,36.0,KK,3698,석유제품 운반선,2024-06-08T14:10:00.000Z,2024-06-08T14:00:00.000Z,PAL,SKI 2,NO,,뉴엔젤호_SEONGHO PIOCE_2024-06-08_target_6_aisData.csv,뉴엔젤호_SEONGHO PIOCE_2024-06-08_tug_6_aisData.csv
T,"R,T",QUEZON BRIDGE,연안부두정계지,PAL,ICT1,연안부두정계지,2024-06-08T15:03:19.000Z,2024-06-08T15:44:19.000Z,6.4,36.0,3.4,36.0,LY,17211,풀컨테이너선,2024-06-08T14:20:00.000Z,2024-06-08T14:30:00.000Z,PAL,ICT1,RT,,대창호_QUEZON BRIDGE_2024-06-08_target_7_aisData.csv,대창호_QUEZON BRIDGE_2024-06-08_tug_7_aisData.csv
I,"K,I",KMTC LAEM CHABANG,송도정계지,NPPS,HJIT3,송도정계지,2024-06-09T06:53:19.000Z,2024-06-09T07:43:19.000Z,2.4,17.0,6.0,45.0,RW,18318,풀컨테이너선,2024-06-09T06:30:00.000Z,2024-06-09T06:30:00.000Z,NPPS,HJIT3,KI,RW,쥬피터1호_KMTC LAEM CHABANG_2024-06-09_target_8_aisData.csv,쥬피터1호_KMTC LAEM CHABANG_2024-06-09_tug_8_aisData.csv
명,"L,F2,B,비,명",GOOD LUCK,내항정계지,LEN,43,내항정계지,2024-06-09T08:13:19.000Z,2024-06-09T09:10:19.000Z,1.2,8.0,3.2,52.0,JH,41074,산물선(벌크선),2024-06-09T06:30:00.000Z,2024-06-09T06:30:00.000Z,LEN,43,LF2B비명,JH,대명호_GOOD LUCK_2024-06-09_target_9_aisData.csv,대명호_GOOD LUCK_2024-06-09_tug_9_aisData.csv
N,"N,Q",WOO CHOON,북항임시정계지,GSD,PAL,,2024-06-09T09:45:19.000Z,2024-06-09T10:07:19.000Z,4.9,24.0,1.4,17.0,,3969,석유제품 운반선,2024-06-09T10:00:00.000Z,2024-06-09T10:00:00.000Z,GSD,PAL,NQ,,뉴엔젤호_WOO CHOON_2024-06-09_target_10_aisData.csv,뉴엔젤호_WOO CHOON_2024-06-09_tug_10_aisData.csv
T,"T,R,해,진",SILVER SAFETY,연안부두정계지,PAL,50,연안부두정계지,2024-06-09T10:37:19.000Z,2024-06-09T11:22:19.000Z,2.5,19.0,4.8,40.0,US,7243,일반화물선,2024-06-09T09:30:00.000Z,2024-06-09T10:00:00.000Z,PAL,50,TR해진,,대창호_SILVER SAFETY_2024-06-09_target_11_aisData.csv,대창호_SILVER SAFETY_2024-06-09_tug_11_aisData.csv
I,"I,성",XIN MING ZHOU 20,송도정계지,NPPS,SNCT1,,2024-06-09T12:31:19.000Z,2024-06-09T12:41:19.000Z,5.6,21.0,1.3,18.0,CY,9653,풀컨테이너선,2024-06-09T12:00:00.000Z,2024-06-09T12:00:00.000Z,NPPS,SNCT1,I성,,쥬피터1호_XIN MING ZHOU 20_2024-06-09_target_12_aisData.csv,쥬피터1호_XIN MING ZHOU 20_2024-06-09_tug_12_aisData.csv
H,H,GSL DOROTHEA,연안부두정계지,HJIT2,NPPS,,2024-06-09T15:56:19.000Z,2024-06-09T16:33:19.000Z,20.3,59.0,0.5,32.0,JJ,66058,풀컨테이너선,2024-06-09T16:30:00.000Z,2024-06-09T15:00:00.000Z,HJIT2,NPPS,H,,한창1호_GSL DOROTHEA_2024-06-09_target_13_aisData.csv,한창1호_GSL DOROTHEA_2024-06-09_tug_13_aisData.csv
미,"미,O",UNIPOWER,연안부두정계지,N12,PAL,연안부두정계지,2024-06-09T16:20:18.000Z,2024-06-09T16:51:18.000Z,5.7,801.0,0.6,26.0,KK,8081,일반화물선,2024-06-09T16:40:00.000Z,2024-06-09T18:00:00.000Z,N12,PAL,미O,,뉴월미호_UNIPOWER_2024-06-09_target_14_aisData.csv,뉴월미호_UNIPOWER_2024-06-09_tug_14_aisData.csv
M,"M,R,해,진",VW SAFETY,연안부두정계지,PAL,50,연안부두정계지,2024-06-10T06:41:19.000Z,2024-06-10T07:25:19.000Z,2.1,9.0,5.1,39.0,CH,7141,일반화물선,2024-06-10T06:00:00.000Z,2024-06-10T06:00:00.000Z,PAL,50,MR해진,CH,뉴마스호_VW SAFETY_2024-06-10_target_15_aisData.csv,뉴마스호_VW SAFETY_2024-06-10_tug_15_aisData.csv
진,"T,진",XIN SHENG SHENG 6,,PAL,42,,2024-06-10T07:45:20.000Z,2024-06-10T08:31:20.000Z,1.5,13.0,2.9,41.0,CY,2995,일반화물선,2024-06-10T06:00:00.000Z,2024-06-10T06:00:00.000Z,PAL,42,T진,CY,뉴약진호_XIN SHENG SHENG 6_2024-06-10_target_16_aisData.csv,뉴약진호_XIN SHENG SHENG 6_2024-06-10_tug_16_aisData.csv
N,"N,O",OCEAN GAS,연안부두정계지,SKI 1,PAL,연안부두정계지,2024-06-10T08:50:20.000Z,2024-06-10T09:10:20.000Z,9.1,36.0,3.2,15.0,,3678,LPG 운반선,2024-06-10T09:00:00.000Z,2024-06-10T07:00:00.000Z,SKI 1,PAL,NO,,뉴엔젤호_OCEAN GAS_2024-06-10_target_17_aisData.csv,뉴엔젤호_OCEAN GAS_2024-06-10_tug_17_aisData.csv
H,H,HUADONG PEARL 8,연안부두정계지,PAL,NIPT5,,2024-06-10T09:48:19.000Z,2024-06-10T10:23:19.000Z,4.0,18.0,0.8,10.0,LY,35092,국제카페리,2024-06-10T09:10:00.000Z,2024-06-10T09:30:00.000Z,PAL,NIPT5,H,,한창1호_HUADONG PEARL 8_2024-06-10_target_18_aisData.csv,한창1호_HUADONG PEARL 8_2024-06-10_tug_18_aisData.csv
I,I,CONSISTENCE,송도정계지,HJIT1,NPPS,,2024-06-10T10:28:19.000Z,2024-06-10T11:16:19.000Z,8.5,180.0,0.0,43.0,UM,9972,풀컨테이너선,2024-06-10T11:00:00.000Z,2024-06-10T10:00:00.000Z,HJIT1,NPPS,I,,쥬피터1호_CONSISTENCE_2024-06-10_target_19_aisData.csv,쥬피터1호_CONSISTENCE_2024-06-10_tug_19_aisData.csv
I,"I,성",A ROKKO,,NPPS,HJIT1,,2024-06-10T12:36:19.000Z,2024-06-10T12:49:19.000Z,3.3,167.0,0.0,8.0,OS,9562,풀컨테이너선,2024-06-10T12:00:00.000Z,2024-06-10T12:00:00.000Z,NPPS,HJIT1,I성,,쥬피터1호_A ROKKO_2024-06-10_target_20_aisData.csv,쥬피터1호_A ROKKO_2024-06-10_tug_20_aisData.csv
I,"I,K",XIN HE DA,,HJIT1,NPPS,,2024-06-10T11:12:19.000Z,2024-06-10T12:34:19.000Z,0.0,2.0,0.1,77.0,GJ,7808,세미(혼재)컨테이너선,2024-06-10T15:00:00.000Z,2024-06-10T15:00:00.000Z,HJIT1,NPPS,IK,,쥬피터1호_XIN HE DA_2024-06-10_target_21_aisData.csv,쥬피터1호_XIN HE DA_2024-06-10_tug_21_aisData.csv
I,"I,K",KOREA VISION,,BUKJ2,E1GT,,2024-06-10T15:24:19.000Z,2024-06-10T16:13:19.000Z,4.5,191.0,1.7,44.0,KB,3872,LPG 운반선,2024-06-10T15:00:00.000Z,2024-06-10T15:00:00.000Z,BUKJ2,E1GT,IK,,쥬피터1호_KOREA VISION_2024-06-10_target_22_aisData.csv,쥬피터1호_KOREA VISION_2024-06-10_tug_22_aisData.csv
I,I,PEGASUS PROTO,,NPPS,SNCT1,,2024-06-10T16:43:19.000Z,2024-06-10T16:58:19.000Z,5.4,205.0,0.1,10.0,,18354,풀컨테이너선,2024-06-10T16:30:00.000Z,2024-06-10T17:00:00.000Z,NPPS,SNCT1,I,,쥬피터1호_PEGASUS PROTO_2024-06-10_target_23_aisData.csv,쥬피터1호_PEGASUS PROTO_2024-06-10_tug_23_aisData.csv
N,"성,N",AN DONG 68,연안부두정계지,SNCT2,NPPS,,2024-06-10T16:49:20.000Z,2024-06-10T17:06:20.000Z,20.9,122.0,0.1,5.0,HY,3988,세미(혼재)컨테이너선,2024-06-10T16:00:00.000Z,2024-06-10T07:00:00.000Z,NPPS,SNCT2,I성,JJ,뉴엔젤호_AN DONG 68_2024-06-10_target_24_aisData.csv,뉴엔젤호_AN DONG 68_2024-06-10_tug_24_aisData.csv
미,"W,미",YURIY TARAPUROV,북항임시정계지,N53,PAL,연안부두정계지,2024-06-10T16:06:19.000Z,2024-06-10T16:54:19.000Z,1.8,11.0,6.1,43.0,YM,7949,일반화물선,2024-06-10T16:30:00.000Z,2024-06-10T17:00:00.000Z,N53,PAL,EN,,뉴월미호_YURIY TARAPUROV_2024-06-10_target_25_aisData.csv,뉴월미호_YURIY TARAPUROV_2024-06-10_tug_25_aisData.csv
N,"W,N,진",XINXIWANGMINGYUAN,,N11,25,,2024-06-10T18:03:20.000Z,2024-06-10T18:42:20.000Z,21.2,80.0,4.7,34.0,SK,2589,일반화물선,2024-06-10T18:00:00.000Z,2024-06-10T18:00:00.000Z,N11,25,SN진,,뉴엔젤호_XINXIWANGMINGYUAN_2024-06-10_target_26_aisData.csv,뉴엔젤호_XINXIWANGMINGYUAN_2024-06-10_tug_26_aisData.csv
I,"성,I",ESTIMA,,NPPS,HJIT1,,2024-06-10T19:47:19.000Z,2024-06-10T20:05:19.000Z,6.8,482.0,0.9,13.0,LO,9587,풀컨테이너선,2024-06-10T19:00:00.000Z,2024-06-10T20:00:00.000Z,NPPS,HJIT1,성I,,쥬피터1호_ESTIMA_2024-06-10_target_27_aisData.csv,쥬피터1호_ESTIMA_2024-06-10_tug_27_aisData.csv
M,"W,M",ORIENTAL PARALLEL,연안부두정계지,N42,PAL,연안부두정계지,2024-06-10T19:53:19.000Z,2024-06-10T20:17:19.000Z,14.6,44.0,2.5,19.0,GJ,9780,일반화물선,2024-06-10T20:00:00.000Z,2024-06-10T23:00:00.000Z,N42,PAL,W미,,뉴마스호_ORIENTAL PARALLEL_2024-06-10_target_28_aisData.csv,뉴마스호_ORIENTAL PARALLEL_2024-06-10_tug_28_aisData.csv
미,"E,미",XIN YU JIN XIANG,연안부두정계지,NIPT6,PAL,연안부두정계지,2024-06-11T00:16:19.000Z,2024-06-11T00:48:19.000Z,6.1,22.0,3.6,27.0,KB,12304,국제카페리,2024-06-11T00:30:00.000Z,2024-06-11T00:30:00.000Z,NIPT6,PAL,E미,KB,뉴월미호_XIN YU JIN XIANG_2024-06-11_target_29_aisData.csv,뉴월미호_XIN YU JIN XIANG_2024-06-11_tug_29_aisData.csv
N,N,DB SUNNY,연안부두정계지,W4,HIT,연안부두정계지,2024-06-11T06:27:20.000Z,2024-06-11T07:02:20.000Z,7.1,58.0,3.0,30.0,,1599,케미칼 운반선,2024-06-11T06:00:00.000Z,2024-06-11T06:00:00.000Z,W4,HIT,N,,뉴엔젤호_DB SUNNY_2024-06-11_target_30_aisData.csv,뉴엔젤호_DB SUNNY_2024-06-11_tug_30_aisData.csv
I,"I,성",KOREA VISION,,E1GT,BUKJ2,송도정계지,2024-06-11T07:02:19.000Z,2024-06-11T07:15:19.000Z,2.5,247.0,0.1,8.0,NS,3872,LPG 운반선,2024-06-11T07:00:00.000Z,2024-06-11T07:00:00.000Z,E1GT,BUKJ2,I성,NS,쥬피터1호_KOREA VISION_2024-06-11_target_31_aisData.csv,쥬피터1호_KOREA VISION_2024-06-11_tug_31_aisData.csv
미,"E,미",BEI JIANG,연안부두정계지,PAL,KICT,연안부두정계지,2024-06-11T08:05:19.000Z,2024-06-11T08:34:19.000Z,24.0,91.0,2.9,24.0,SC,5250,일반화물선,2024-06-11T07:00:00.000Z,2024-06-11T07:00:00.000Z,PAL,KICT,E미,SC,뉴월미호_BEI JIANG_2024-06-11_target_32_aisData.csv,뉴월미호_BEI JIANG_2024-06-11_tug_32_aisData.csv
진,"윤,진",VW SAFETY,내항정계지,50,PAL,내항정계지,2024-06-11T06:45:20.000Z,2024-06-11T07:11:20.000Z,2.8,21.0,1.1,21.0,LO,7141,일반화물선,2024-06-11T07:00:00.000Z,2024-06-11T07:00:00.000Z,50,PAL,윤진,LO,뉴약진호_VW SAFETY_2024-06-11_target_33_aisData.csv,뉴약진호_VW SAFETY_2024-06-11_tug_33_aisData.csv
T,"T,G",ARAFURA LILY,연안부두정계지,PAL,NIPT6,연안부두정계지,2024-06-11T06:52:20.000Z,2024-06-11T07:20:20.000Z,7.4,35.0,2.2,23.0,CG,12335,국제카페리,2024-06-11T06:30:00.000Z,2024-06-11T06:30:00.000Z,PAL,NIPT6,TG,SK,대창호_ARAFURA LILY_2024-06-11_target_34_aisData.csv,대창호_ARAFURA LILY_2024-06-11_tug_34_aisData.csv
T,T,XIN XIANG XUE LAN,연안부두정계지,PAL,NIPT5,,2024-06-11T11:35:20.000Z,2024-06-11T11:45:20.000Z,4.0,17.0,3.0,33.0,GH,32729,국제카페리,2024-06-11T10:20:00.000Z,2024-06-11T10:30:00.000Z,PAL,NIPT5,T,,대창호_XIN XIANG XUE LAN_2024-06-11_target_35_aisData.csv,대창호_XIN XIANG XUE LAN_2024-06-11_tug_35_aisData.csv
I,"L,I",WAN HAI 317,송도정계지,NPPS,SNCT1,송도정계지,2024-06-11T12:32:20.000Z,2024-06-11T15:49:20.000Z,5.4,21.0,5.8,192.0,NS,27800,풀컨테이너선,2024-06-11T12:00:00.000Z,2024-06-11T12:00:00.000Z,NPPS,SNCT1,LI,,쥬피터1호_WAN HAI 317_2024-06-11_target_36_aisData.csv,쥬피터1호_WAN HAI 317_2024-06-11_tug_36_aisData.csv
진,진,XIN SHENG SHENG 6,내항정계지,42,PAL,,2024-06-11T15:39:20.000Z,2024-06-11T16:14:20.000Z,2.0,12.0,3.2,30.0,SC,2995,일반화물선,2024-06-11T16:00:00.000Z,2024-06-11T16:00:00.000Z,42,PAL,진,,뉴약진호_XIN SHENG SHENG 6_2024-06-11_target_37_aisData.csv,뉴약진호_XIN SHENG SHENG 6_2024-06-11_tug_37_aisData.csv
T,"T,R",ARAFURA LILY,연안부두정계지,NIPT6,PAL,,2024-06-11T16:31:20.000Z,2024-06-11T16:41:20.000Z,4.9,21.0,3.0,21.0,KB,12335,국제카페리,2024-06-11T16:30:00.000Z,2024-06-11T06:30:00.000Z,PAL,NIPT6,TG,SK,대창호_ARAFURA LILY_2024-06-11_target_38_aisData.csv,대창호_ARAFURA LILY_2024-06-11_tug_38_aisData.csv
동,"비,명,동",MANHASSET QUEEN,,73,PAL,,2024-06-11T17:33:20.000Z,2024-06-11T18:33:20.000Z,1.5,17.0,0.1,8.0,SK,36139,산물선(벌크선),2024-06-11T18:00:00.000Z,2024-06-11T18:00:00.000Z,73,PAL,비명동,,동보1호_MANHASSET QUEEN_2024-06-11_target_39_aisData.csv,동보1호_MANHASSET QUEEN_2024-06-11_tug_39_aisData.csv
진,"해,진",SUN OCEAN,내항정계지,30,LE,내항정계지,2024-06-11T22:58:20.000Z,2024-06-11T23:45:20.000Z,2.2,11.0,3.8,42.0,YM,5093,일반화물선,2024-06-11T23:30:00.000Z,2024-06-11T23:30:00.000Z,30,LE,해진,,뉴약진호_SUN OCEAN_2024-06-11_target_40_aisData.csv,뉴약진호_SUN OCEAN_2024-06-11_tug_40_aisData.csv
미,"미,R",FC DELLA,연안부두정계지,N-HOB,PAL,북항임시정계지,2024-06-11T21:15:19.000Z,2024-06-11T21:49:19.000Z,7.2,27.0,3.5,29.0,,4956,케미칼 운반선,2024-06-11T21:30:00.000Z,2024-06-11T12:00:00.000Z,PAL,N-HOB,OS,,뉴월미호_FC DELLA_2024-06-11_target_41_aisData.csv,뉴월미호_FC DELLA_2024-06-11_tug_41_aisData.csv
동,"동,진",SILVER SAFETY,내항정계지,50,PAL,,2024-06-11T21:00:20.000Z,2024-06-11T21:35:20.000Z,2.6,12.0,0.8,27.0,KU,7243,일반화물선,2024-06-11T21:30:00.000Z,2024-06-11T14:00:00.000Z,50,PAL,해진,,동보1호_SILVER SAFETY_2024-06-11_target_42_aisData.csv,동보1호_SILVER SAFETY_2024-06-11_tug_42_aisData.csv
N,"N,E",HONG YANG 28,연안부두정계지,PAL,E1CT,연안부두정계지,2024-06-12T02:40:20.000Z,2024-06-12T03:27:20.000Z,5.7,162.0,4.5,42.0,SK,11856,풀컨테이너선,2024-06-12T02:00:00.000Z,2024-06-12T02:00:00.000Z,PAL,E1CT,NE,SK,뉴엔젤호_HONG YANG 28_2024-06-12_target_43_aisData.csv,뉴엔젤호_HONG YANG 28_2024-06-12_tug_43_aisData.csv
미,"S,미",TIAN ZHUI,북항임시정계지,PAL,N42,연안부두정계지,2024-06-12T04:53:20.000Z,2024-06-12T05:37:20.000Z,7.3,33.0,4.9,39.0,CG,8574,산물선(벌크선),2024-06-12T04:00:00.000Z,2024-06-12T04:00:00.000Z,PAL,N42,S미,CG,뉴월미호_TIAN ZHUI_2024-06-12_target_44_aisData.csv,뉴월미호_TIAN ZHUI_2024-06-12_tug_44_aisData.csv
N,"N,O",KTS WHITE,,PAL,GSD,연안부두정계지,2024-06-12T09:50:21.000Z,2024-06-12T10:26:21.000Z,3.6,530.0,3.2,31.0,,2101,석유제품 운반선,2024-06-12T09:00:00.000Z,2024-06-12T09:00:00.000Z,PAL,GSD,NO,,뉴엔젤호_KTS WHITE_2024-06-12_target_45_aisData.csv,뉴엔젤호_KTS WHITE_2024-06-12_tug_45_aisData.csv
M,M,MORNING NURI,연안부두정계지,RHC,PAL,연안부두정계지,2024-06-12T17:46:21.000Z,2024-06-12T18:15:21.000Z,9.8,30.0,0.6,24.0,,5222,일반화물선,2024-06-12T18:00:00.000Z,2024-06-12T18:00:00.000Z,RHC,PAL,M,,뉴마스호_MORNING NURI_2024-06-12_target_46_aisData.csv,뉴마스호_MORNING NURI_2024-06-12_tug_46_aisData.csv
T,"A,T",JA YANG,연안부두정계지,PAL,HIDC,연안부두정계지,2024-06-12T20:04:21.000Z,2024-06-12T20:44:21.000Z,8.2,43.0,4.1,35.0,,4739,시멘트운반선,2024-06-12T19:30:00.000Z,2024-06-12T19:30:00.000Z,PAL,HIDC,AT,,대창호_JA YANG_2024-06-12_target_47_aisData.csv,대창호_JA YANG_2024-06-12_tug_47_aisData.csv
I,"I,L",SITC HAINAN,,NPPS,HJIT2,,2024-06-12T03:50:20.000Z,2024-06-12T05:01:20.000Z,3.1,30.0,2.4,66.0,GH,17119,풀컨테이너선,2024-06-12T03:30:00.000Z,2024-06-12T03:00:00.000Z,NPPS,HJIT2,IL,CN,쥬피터1호_SITC HAINAN_2024-06-12_target_48_aisData.csv,쥬피터1호_SITC HAINAN_2024-06-12_tug_48_aisData.csv
I,"I,K",BEI HAI,송도정계지,HJIT2,NPPS,,2024-06-12T03:28:20.000Z,2024-06-12T03:44:20.000Z,4.0,36.0,1.7,11.0,CN,5272,세미(혼재)컨테이너선,2024-06-12T03:30:00.000Z,2024-06-12T03:00:00.000Z,HJIT2,NPPS,IK,CG,쥬피터1호_BEI HAI_2024-06-12_target_49_aisData.csv,쥬피터1호_BEI HAI_2024-06-12_tug_49_aisData.csv
I,"I,성",REVERENCE,,NPPS,SNCT2,송도정계지,2024-06-12T05:20:20.000Z,2024-06-12T05:55:20.000Z,5.9,35.0,3.1,30.0,CN,9990,풀컨테이너선,2024-06-12T05:00:00.000Z,2024-06-12T05:00:00.000Z,NPPS,SNCT2,I성,HY,쥬피터1호_REVERENCE_2024-06-12_target_50_aisData.csv,쥬피터1호_REVERENCE_2024-06-12_tug_50_aisData.csv
I,"L,I",SITC ZHEJIANG,송도정계지,NPPS,HJIT1,송도정계지,2024-06-12T07:29:20.000Z,2024-06-12T08:44:20.000Z,4.9,20.0,5.2,70.0,JU,17119,풀컨테이너선,2024-06-12T07:00:00.000Z,2024-06-12T07:00:00.000Z,NPPS,HJIT1,LI,JH,쥬피터1호_SITC ZHEJIANG_2024-06-12_target_51_aisData.csv,쥬피터1호_SITC ZHEJIANG_2024-06-12_tug_51_aisData.csv
미,미,GRAND MUSE,연안부두정계지,PAL,N21,연안부두정계지,2024-06-12T09:38:20.000Z,2024-06-12T10:22:20.000Z,11.2,41.0,5.0,39.0,KU,1514,일반화물선,2024-06-12T08:30:00.000Z,2024-06-12T09:00:00.000Z,PAL,N21,미,,뉴월미호_GRAND MUSE_2024-06-12_target_52_aisData.csv,뉴월미호_GRAND MUSE_2024-06-12_tug_52_aisData.csv
T,"E,T",HONG YANG 28,,E1CT,PAL,,2024-06-12T07:38:20.000Z,2024-06-12T07:48:20.000Z,5.6,43.0,1.5,22.0,GH,11856,풀컨테이너선,2024-06-12T10:00:00.000Z,2024-06-12T02:00:00.000Z,PAL,E1CT,NE,SK,대창호_HONG YANG 28_2024-06-12_target_53_aisData.csv,대창호_HONG YANG 28_2024-06-12_tug_53_aisData.csv
진,"W,진",YUE XIANG,내항정계지,PAL,41,내항정계지,2024-06-12T11:45:21.000Z,2024-06-12T12:14:21.000Z,2.0,15.0,2.9,24.0,SK,1971,일반화물선,2024-06-12T10:00:00.000Z,2024-06-12T10:00:00.000Z,PAL,41,W진,,뉴약진호_YUE XIANG_2024-06-12_target_54_aisData.csv,뉴약진호_YUE XIANG_2024-06-12_tug_54_aisData.csv
I,"성,I",A ROKKO,송도정계지,NPPS,HJIT3,,2024-06-12T11:46:20.000Z,2024-06-12T15:57:21.000Z,3.5,17.0,0.1,10.0,GH,9562,풀컨테이너선,2024-06-12T11:30:00.000Z,2024-06-12T11:30:00.000Z,NPPS,HJIT3,성I,,쥬피터1호_A ROKKO_2024-06-12_target_55_aisData.csv,쥬피터1호_A ROKKO_2024-06-12_tug_55_aisData.csv
H,H,HUADONG PEARL 8,연안부두정계지,PAL,NIPT5,연안부두정계지,2024-06-12T08:51:20.000Z,2024-06-12T09:39:20.000Z,6.4,25.0,5.4,43.0,KB,35092,국제카페리,2024-06-12T08:20:00.000Z,2024-06-12T08:30:00.000Z,PAL,NIPT5,H,,한창1호_HUADONG PEARL 8_2024-06-12_target_56_aisData.csv,한창1호_HUADONG PEARL 8_2024-06-12_tug_56_aisData.csv
미,미,KAI AN 8,연안부두정계지,N52,PAL,연안부두정계지,2024-06-12T15:48:20.000Z,2024-06-12T16:21:20.000Z,15.3,73.0,5.8,28.0,JH,1448,일반화물선,2024-06-12T16:00:00.000Z,2024-06-12T16:00:00.000Z,N52,PAL,미,,뉴월미호_KAI AN 8_2024-06-12_target_57_aisData.csv,뉴월미호_KAI AN 8_2024-06-12_tug_57_aisData.csv
N,N,PEGASUS GLORY,연안부두정계지,PAL,E1CT,연안부두정계지,2024-06-12T21:08:21.000Z,2024-06-12T21:57:21.000Z,4.8,604.0,4.0,44.0,,9908,풀컨테이너선,2024-06-12T21:00:00.000Z,2024-06-12T18:00:00.000Z,PAL,E1CT,N,,뉴엔젤호_PEGASUS GLORY_2024-06-12_target_58_aisData.csv,뉴엔젤호_PEGASUS GLORY_2024-06-12_tug_58_aisData.csv
I,"I,L",CNC MARS,,NPPS,SNCT3,,2024-06-12T17:37:21.000Z,2024-06-12T17:47:21.000Z,0.8,9.0,0.0,8.0,NS,18652,풀컨테이너선,2024-06-12T17:00:00.000Z,2024-06-12T17:00:00.000Z,NPPS,SNCT3,IL,,쥬피터1호_CNC MARS_2024-06-12_target_59_aisData.csv,쥬피터1호_CNC MARS_2024-06-12_tug_59_aisData.csv
I,I,A ROKKO,,HJIT3,NPPS,,2024-06-12T18:06:21.000Z,2024-06-12T19:46:21.000Z,9.9,404.0,2.5,95.0,NS,9562,풀컨테이너선,2024-06-12T19:00:00.000Z,2024-06-12T11:30:00.000Z,NPPS,HJIT3,성I,,쥬피터1호_A ROKKO_2024-06-12_target_60_aisData.csv,쥬피터1호_A ROKKO_2024-06-12_tug_60_aisData.csv
M,"B,M",MORNING VICTORY,,PAL,RHC,연안부두정계지,2024-06-12T20:25:21.000Z,2024-06-12T21:01:21.000Z,3.6,14.0,4.2,31.0,,5222,시멘트운반선,2024-06-12T19:30:00.000Z,2024-06-12T19:30:00.000Z,PAL,RHC,RM,,뉴마스호_MORNING VICTORY_2024-06-12_target_61_aisData.csv,뉴마스호_MORNING VICTORY_2024-06-12_tug_61_aisData.csv
미,"S,미",TY XU RUI,연안부두정계지,PAL,N21,북항임시정계지,2024-06-13T04:10:20.000Z,2024-06-13T04:55:20.000Z,5.8,21.0,3.4,40.0,CG,8393,일반화물선,2024-06-13T03:00:00.000Z,2024-06-13T03:00:00.000Z,PAL,N21,S미,CG,뉴월미호_TY XU RUI_2024-06-13_target_62_aisData.csv,뉴월미호_TY XU RUI_2024-06-13_tug_62_aisData.csv
M,"R,M",KEUN YANG,연안부두정계지,PAL,SSC,연안부두정계지,2024-06-13T07:00:21.000Z,2024-06-13T07:22:21.000Z,10.4,52.0,1.6,17.0,,5996,시멘트운반선,2024-06-13T06:30:00.000Z,2024-06-13T06:30:00.000Z,PAL,SSC,RM,,뉴마스호_KEUN YANG_2024-06-13_target_63_aisData.csv,뉴마스호_KEUN YANG_2024-06-13_tug_63_aisData.csv
I,"L,I",CNC MARS,,SNCT3,NPPS,,2024-06-13T03:22:21.000Z,2024-06-13T03:32:21.000Z,0.0,0.0,0.0,5.0,SK,18652,풀컨테이너선,2024-06-13T03:00:00.000Z,2024-06-13T03:00:00.000Z,SNCT3,NPPS,LK,SK,쥬피터1호_CNC MARS_2024-06-13_target_64_aisData.csv,쥬피터1호_CNC MARS_2024-06-13_tug_64_aisData.csv
미,"W,미",POLARIS,북항임시정계지,E5,SKI 4,연안부두정계지,2024-06-13T07:12:20.000Z,2024-06-13T07:59:20.000Z,7.6,29.0,4.1,42.0,CN,11290,원유운반선,2024-06-13T06:30:00.000Z,2024-06-13T06:30:00.000Z,E5,SKI 4,W미,,뉴월미호_POLARIS_2024-06-13_target_65_aisData.csv,뉴월미호_POLARIS_2024-06-13_tug_65_aisData.csv
진,진,XINXIWANGMINGYUAN,내항정계지,25,PAL,내항정계지,2024-06-13T06:30:21.000Z,2024-06-13T07:14:22.000Z,2.5,12.0,2.8,39.0,JH,2589,일반화물선,2024-06-13T07:00:00.000Z,2024-06-13T07:00:00.000Z,25,PAL,진,,뉴약진호_XINXIWANGMINGYUAN_2024-06-13_target_66_aisData.csv,뉴약진호_XINXIWANGMINGYUAN_2024-06-13_tug_66_aisData.csv
T,"E,T",TS BANGKOK,연안부두정계지,PAL,ICT1,연안부두정계지,2024-06-13T08:01:21.000Z,2024-06-13T08:49:21.000Z,5.6,32.0,3.4,43.0,KN,17449,풀컨테이너선,2024-06-13T07:30:00.000Z,2024-06-13T07:30:00.000Z,PAL,ICT1,ET,,대창호_TS BANGKOK_2024-06-13_target_67_aisData.csv,대창호_TS BANGKOK_2024-06-13_tug_67_aisData.csv
N,"W,N",WOO CHAN,연안부두정계지,PAL,SOD1,연안부두정계지,2024-06-13T08:26:21.000Z,2024-06-13T09:09:21.000Z,2.3,19.0,2.9,38.0,GH,8539,케미칼 운반선,2024-06-13T08:00:00.000Z,2024-06-13T08:00:00.000Z,PAL,SOD1,AN,,뉴엔젤호_WOO CHAN_2024-06-13_target_68_aisData.csv,뉴엔젤호_WOO CHAN_2024-06-13_tug_68_aisData.csv
M,M,XIN XIANG XUE LAN,연안부두정계지,PAL,NIPT5,,2024-06-13T11:24:21.000Z,2024-06-13T11:34:21.000Z,4.6,16.0,4.8,34.0,SK,32729,국제카페리,2024-06-13T10:30:00.000Z,2024-06-13T10:30:00.000Z,PAL,NIPT5,M,,뉴마스호_XIN XIANG XUE LAN_2024-06-13_target_69_aisData.csv,뉴마스호_XIN XIANG XUE LAN_2024-06-13_tug_69_aisData.csv
동,"윤,해,동",SEAWAYS TITAN,,65,DONG,,2024-06-13T11:32:21.000Z,2024-06-13T11:52:21.000Z,2.6,21.0,0.5,15.0,CG,29305,케미칼 운반선,2024-06-13T12:00:00.000Z,2024-06-13T12:00:00.000Z,65,DONG,윤해동,,동보1호_SEAWAYS TITAN_2024-06-13_target_70_aisData.csv,동보1호_SEAWAYS TITAN_2024-06-13_tug_70_aisData.csv
미,"미,W,윤,진",MASAKAZU,연안부두정계지,PAL,32,연안부두정계지,2024-06-13T16:59:22.000Z,2024-06-13T17:10:21.000Z,15.9,55.0,4.0,27.0,CG,5543,일반화물선,2024-06-13T15:30:00.000Z,2024-06-13T15:00:00.000Z,PAL,32,미W윤진,,뉴월미호_MASAKAZU_2024-06-13_target_71_aisData.csv,뉴월미호_MASAKAZU_2024-06-13_tug_71_aisData.csv
T,"E,T",KEOJE CORDELIA,연안부두정계지,PAL,N-HOB,연안부두정계지,2024-06-13T16:56:21.000Z,2024-06-13T17:36:21.000Z,11.9,51.0,3.4,35.0,HY,8689,석유제품 운반선,2024-06-13T16:00:00.000Z,2024-06-13T17:30:00.000Z,PAL,N-HOB,SN,,대창호_KEOJE CORDELIA_2024-06-13_target_72_aisData.csv,대창호_KEOJE CORDELIA_2024-06-13_tug_72_aisData.csv
진,진,YUE XIANG,,41,PAL,내항정계지,2024-06-13T17:45:22.000Z,2024-06-13T19:18:22.000Z,1.6,21.0,4.5,88.0,HY,1971,일반화물선,2024-06-13T19:00:00.000Z,2024-06-13T19:00:00.000Z,41,PAL,진,,뉴약진호_YUE XIANG_2024-06-13_target_73_aisData.csv,뉴약진호_YUE XIANG_2024-06-13_tug_73_aisData.csv
I,"L,I",PACIFIC CARRIER,,NPPS,HJIT1,,2024-06-13T21:03:21.000Z,2024-06-13T23:07:21.000Z,5.0,22.0,0.0,0.0,HY,9940,풀컨테이너선,2024-06-13T21:00:00.000Z,2024-06-13T21:00:00.000Z,NPPS,HJIT1,성I,,쥬피터1호_PACIFIC CARRIER_2024-06-13_target_74_aisData.csv,쥬피터1호_PACIFIC CARRIER_2024-06-13_tug_74_aisData.csv
I,I,CONCERTO,,HJIT2,NPPS,,2024-06-13T16:49:21.000Z,2024-06-13T20:57:21.000Z,3.8,34.0,1.3,243.0,JU,9972,풀컨테이너선,2024-06-13T23:00:00.000Z,2024-06-13T12:00:00.000Z,NPPS,HJIT2,IK,,쥬피터1호_CONCERTO_2024-06-13_target_75_aisData.csv,쥬피터1호_CONCERTO_2024-06-13_tug_75_aisData.csv
N,"N,W",PACIFIC SAMBU,,SKI 2,PAL,,2024-06-14T04:20:22.000Z,2024-06-14T04:38:22.000Z,0.0,0.0,2.1,13.0,BJ,2748,석유제품 운반선,2024-06-14T04:30:00.000Z,2024-06-14T04:30:00.000Z,SKI 2,PAL,NW,BJ,뉴엔젤호_PACIFIC SAMBU_2024-06-14_target_76_aisData.csv,뉴엔젤호_PACIFIC SAMBU_2024-06-14_tug_76_aisData.csv
T,"T,E",FC DELLA,,PAL,N-HOB,연안부두정계지,2024-06-14T05:49:22.000Z,2024-06-14T06:33:22.000Z,7.4,42.0,4.2,39.0,,4956,케미칼 운반선,2024-06-14T05:30:00.000Z,2024-06-14T05:30:00.000Z,PAL,N-HOB,TE,,대창호_FC DELLA_2024-06-14_target_77_aisData.csv,대창호_FC DELLA_2024-06-14_tug_77_aisData.csv
T,"T,E",KEOJE CORDELIA,연안부두정계지,N-HOB,PAL,,2024-06-14T05:09:22.000Z,2024-06-14T05:37:22.000Z,8.4,38.0,1.5,23.0,,8689,석유제품 운반선,2024-06-14T05:30:00.000Z,2024-06-14T05:30:00.000Z,N-HOB,PAL,TE,,대창호_KEOJE CORDELIA_2024-06-14_target_78_aisData.csv,대창호_KEOJE CORDELIA_2024-06-14_tug_78_aisData.csv
N,"E,N",DL AMBER,연안부두정계지,SKI 3,PAL,,2024-06-14T04:14:22.000Z,2024-06-14T04:24:22.000Z,5.5,19.0,0.6,5.0,KN,7333,석유제품 운반선,2024-06-14T06:00:00.000Z,2024-06-14T06:00:00.000Z,SKI 3,PAL,EN,KN,뉴엔젤호_DL AMBER_2024-06-14_target_79_aisData.csv,뉴엔젤호_DL AMBER_2024-06-14_tug_79_aisData.csv
I,I,INCHEON VOYAGER,,NPPS,HJIT3,,2024-06-14T07:28:21.000Z,2024-06-14T07:39:21.000Z,0.0,2.0,0.0,6.0,,27828,풀컨테이너선,2024-06-14T06:30:00.000Z,2024-06-14T06:30:00.000Z,NPPS,HJIT3,I,,쥬피터1호_INCHEON VOYAGER_2024-06-14_target_80_aisData.csv,쥬피터1호_INCHEON VOYAGER_2024-06-14_tug_80_aisData.csv
H,"V,F1,H,G,A,F1,H,G",M.STAR,연안부두정계지,JANG,SKI 3,연안부두정계지,2024-06-14T08:06:21.000Z,2024-06-14T08:17:21.000Z,71.5,364.0,0.3,6.0,LO,160705,원유운반선,2024-06-14T07:00:00.000Z,2024-06-14T07:00:00.000Z,JANG,SKI 3,VF1HGAF1HG,LO,한창1호_M.STAR_2024-06-14_target_81_aisData.csv,한창1호_M.STAR_2024-06-14_tug_81_aisData.csv
미,"성,미",AN DONG 68,송도정계지,SNCT2,NPPS,연안부두정계지,2024-06-14T06:52:21.000Z,2024-06-14T07:21:21.000Z,18.7,68.0,6.7,24.0,KB,3988,세미(혼재)컨테이너선,2024-06-14T07:00:00.000Z,2024-06-14T07:00:00.000Z,SNCT2,NPPS,성미,KB,뉴월미호_AN DONG 68_2024-06-14_target_82_aisData.csv,뉴월미호_AN DONG 68_2024-06-14_tug_82_aisData.csv
I,I,DONGJIN CONFIDENT,,NPPS,SNCT2,송도정계지,2024-06-14T08:09:21.000Z,2024-06-14T09:14:21.000Z,1.6,35.0,3.0,60.0,,18340,풀컨테이너선,2024-06-14T07:00:00.000Z,2024-06-14T07:00:00.000Z,NPPS,SNCT2,I,,쥬피터1호_DONGJIN CONFIDENT_2024-06-14_target_83_aisData.csv,쥬피터1호_DONGJIN CONFIDENT_2024-06-14_tug_83_aisData.csv
N,"N,E",WOO SEOK,,PAL,SKI 2,연안부두정계지,2024-06-14T09:35:22.000Z,2024-06-14T09:56:22.000Z,23.6,208.0,1.9,16.0,,2362,석유제품 운반선,2024-06-14T08:30:00.000Z,2024-06-14T08:30:00.000Z,PAL,SKI 2,NE,,뉴엔젤호_WOO SEOK_2024-06-14_target_84_aisData.csv,뉴엔젤호_WOO SEOK_2024-06-14_tug_84_aisData.csv
M,"O,M",WOO HYUK,연안부두정계지,PAL,SOD1,연안부두정계지,2024-06-14T09:10:21.000Z,2024-06-14T09:45:21.000Z,1.6,15.0,2.2,30.0,,5025,석유제품 운반선,2024-06-14T08:30:00.000Z,2024-06-14T08:30:00.000Z,PAL,SOD1,OM,,뉴마스호_WOO HYUK_2024-06-14_target_85_aisData.csv,뉴마스호_WOO HYUK_2024-06-14_tug_85_aisData.csv
M,"해,M",XIN YU JIN XIANG,연안부두정계지,NIPT6,PAL,연안부두정계지,2024-06-14T10:46:22.000Z,2024-06-14T11:26:22.000Z,6.1,21.0,3.6,35.0,CG,12304,국제카페리,2024-06-14T11:00:00.000Z,2024-06-14T00:10:00.000Z,PAL,NIPT6,QE,KU,뉴마스호_XIN YU JIN XIANG_2024-06-14_target_86_aisData.csv,뉴마스호_XIN YU JIN XIANG_2024-06-14_tug_86_aisData.csv
I,"L,I",XIN TAI PING,,NPPS,HJIT2,,2024-06-14T14:24:21.000Z,2024-06-14T14:39:21.000Z,2.6,538.2,0.1,10.0,HY,5275,세미(혼재)컨테이너선,2024-06-14T14:00:00.000Z,2024-06-14T14:00:00.000Z,NPPS,HJIT2,LI,,쥬피터1호_XIN TAI PING_2024-06-14_target_87_aisData.csv,쥬피터1호_XIN TAI PING_2024-06-14_tug_87_aisData.csv
I,"I,K",SM TOKYO,송도정계지,HJIT2,NPPS,,2024-06-14T13:25:21.000Z,2024-06-14T13:40:21.000Z,5.3,81.0,0.0,10.0,CG,9928,풀컨테이너선,2024-06-14T13:30:00.000Z,2024-06-14T14:00:00.000Z,HJIT2,NPPS,IK,,쥬피터1호_SM TOKYO_2024-06-14_target_88_aisData.csv,쥬피터1호_SM TOKYO_2024-06-14_tug_88_aisData.csv
M,M,KEUN YANG,연안부두정계지,SSC,PAL,연안부두정계지,2024-06-14T13:09:22.000Z,2024-06-14T13:28:22.000Z,7.5,24.0,2.8,14.0,,5996,시멘트운반선,2024-06-14T13:30:00.000Z,2024-06-14T13:00:00.000Z,SSC,PAL,R,,뉴마스호_KEUN YANG_2024-06-14_target_89_aisData.csv,뉴마스호_KEUN YANG_2024-06-14_tug_89_aisData.csv
N,"V,N",ARAFURA LILY,연안부두정계지,NIPT6,PAL,연안부두정계지,2024-06-14T22:51:33.000Z,2024-06-14T23:26:33.000Z,10.8,520.0,3.3,30.0,GJ,12335,국제카페리,2024-06-14T23:00:00.000Z,2024-06-14T14:30:00.000Z,PAL,NIPT6,VS,,뉴엔젤호_ARAFURA LILY_2024-06-14_target_90_aisData.csv,뉴엔젤호_ARAFURA LILY_2024-06-14_tug_90_aisData.csv
명,"비,명,해",GOOD LUCK,내항정계지,43,DONG,내항정계지,2024-06-15T04:09:32.000Z,2024-06-15T05:14:32.000Z,1.6,10.0,3.0,60.0,YM,41074,산물선(벌크선),2024-06-15T04:30:00.000Z,2024-06-15T04:30:00.000Z,43,DONG,비명해,YM,대명호_GOOD LUCK_2024-06-15_target_91_aisData.csv,대명호_GOOD LUCK_2024-06-15_tug_91_aisData.csv
미,"미,O",SEONGHO PIOCE,연안부두정계지,SKI 4,PAL,연안부두정계지,2024-06-15T05:14:32.000Z,2024-06-15T05:42:32.000Z,21.4,116.0,0.5,23.0,JU,3698,석유제품 운반선,2024-06-15T05:30:00.000Z,2024-06-15T05:30:00.000Z,SKI 4,PAL,미O,JU,뉴월미호_SEONGHO PIOCE_2024-06-15_target_92_aisData.csv,뉴월미호_SEONGHO PIOCE_2024-06-15_tug_92_aisData.csv
T,T,MORNING VICTORY,연안부두정계지,RHC,PAL,,2024-06-15T08:40:33.000Z,2024-06-15T08:56:33.000Z,5.1,22.0,0.2,11.0,,5222,시멘트운반선,2024-06-15T09:00:00.000Z,2024-06-15T09:00:00.000Z,RHC,PAL,T,,대창호_MORNING VICTORY_2024-06-15_target_93_aisData.csv,대창호_MORNING VICTORY_2024-06-15_tug_93_aisData.csv
T,"R,T",HALLA FRONTIER,,PAL,RHC,,2024-06-15T10:18:33.000Z,2024-06-15T10:45:33.000Z,1.8,47.0,1.1,15.0,,4881,시멘트운반선,2024-06-15T09:30:00.000Z,2024-06-15T09:30:00.000Z,PAL,RHC,RT,,대창호_HALLA FRONTIER_2024-06-15_target_94_aisData.csv,대창호_HALLA FRONTIER_2024-06-15_tug_94_aisData.csv
H,"F2,H,J,A,F2",M.STAR,연안부두정계지,SKI 3,DONG,,2024-06-15T09:23:32.000Z,2024-06-15T09:44:32.000Z,0.0,0.0,0.0,16.0,BJ,160705,원유운반선,2024-06-15T09:30:00.000Z,2024-06-15T09:30:00.000Z,SKI 3,DONG,F2HJAF2,BJ,한창1호_M.STAR_2024-06-15_target_95_aisData.csv,한창1호_M.STAR_2024-06-15_tug_95_aisData.csv
T,"T,R",LINA,,PAL,SAMPYO,,2024-06-15T10:41:33.000Z,2024-06-15T11:07:33.000Z,0.2,2.0,2.2,21.0,,6983,산물선(벌크선),2024-06-15T10:30:00.000Z,2024-06-15T10:30:00.000Z,PAL,SAMPYO,TR,,대창호_LINA_2024-06-15_target_96_aisData.csv,대창호_LINA_2024-06-15_tug_96_aisData.csv
미,"미,R",DL RUBY,연안부두정계지,SKI 2,PAL,,2024-06-15T18:40:32.000Z,2024-06-15T19:02:32.000Z,6.5,28.0,2.4,17.0,,6716,석유제품 운반선,2024-06-15T19:00:00.000Z,2024-06-15T19:00:00.000Z,SKI 2,PAL,미R,,뉴월미호_DL RUBY_2024-06-15_target_97_aisData.csv,뉴월미호_DL RUBY_2024-06-15_tug_97_aisData.csv
미,"미,S",KS HONOR,,PAL,SKI 2,연안부두정계지,2024-06-15T20:17:32.000Z,2024-06-15T21:16:32.000Z,5.3,20.0,4.2,54.0,,7057,석유제품 운반선,2024-06-15T19:30:00.000Z,2024-06-15T19:30:00.000Z,PAL,SKI 2,미S,,뉴월미호_KS HONOR_2024-06-15_target_98_aisData.csv,뉴월미호_KS HONOR_2024-06-15_tug_98_aisData.csv
미,"E,미",CS SUMMER,연안부두정계지,W4,SKI 4,연안부두정계지,2024-06-15T08:39:32.000Z,2024-06-15T09:31:32.000Z,10.2,51.0,4.2,47.0,SK,7675,석유제품 운반선,2024-06-15T07:30:00.000Z,2024-06-15T07:50:00.000Z,W4,SKI 4,E미,SK,뉴월미호_CS SUMMER_2024-06-15_target_99_aisData.csv,뉴월미호_CS SUMMER_2024-06-15_tug_99_aisData.csv
I,"I,K",SITC HENGDE,송도정계지,NPPS,HJIT3,,2024-06-15T11:40:32.000Z,2024-06-15T11:59:32.000Z,6.1,22.0,1.2,19.0,GJ,18820,풀컨테이너선,2024-06-15T11:00:00.000Z,2024-06-15T11:00:00.000Z,NPPS,HJIT3,IK,,쥬피터1호_SITC HENGDE_2024-06-15_target_100_aisData.csv,쥬피터1호_SITC HENGDE_2024-06-15_tug_100_aisData.csv
I,I,DONGJIN CONTINENTAL,,NPPS,HJIT2,,2024-06-15T16:04:33.000Z,2024-06-15T16:18:33.000Z,10.0,144.0,0.0,0.0,,9946,풀컨테이너선,2024-06-15T16:00:00.000Z,2024-06-15T16:00:00.000Z,NPPS,HJIT2,I,,쥬피터1호_DONGJIN CONTINENTAL_2024-06-15_target_101_aisData.csv,쥬피터1호_DONGJIN CONTINENTAL_2024-06-15_tug_101_aisData.csv
미,"S,미",RESURGENCE,연안부두정계지,PAL,ICT1,연안부두정계지,2024-06-15T14:30:32.000Z,2024-06-15T15:10:32.000Z,5.6,26.0,3.9,35.0,JU,9443,풀컨테이너선,2024-06-15T14:00:00.000Z,2024-06-15T14:00:00.000Z,PAL,ICT1,S미,,뉴월미호_RESURGENCE_2024-06-15_target_102_aisData.csv,뉴월미호_RESURGENCE_2024-06-15_tug_102_aisData.csv
Z,"Z,J",YM CELEBRITY,연안부두정계지,PAL,ICT2,연안부두정계지,2024-06-15T18:05:33.000Z,2024-06-15T18:49:33.000Z,6.1,22.0,4.2,39.0,KB,32720,풀컨테이너선,2024-06-15T17:30:00.000Z,2024-06-15T17:30:00.000Z,PAL,ICT2,ZJ,,대성호_YM CELEBRITY_2024-06-15_target_103_aisData.csv,대성호_YM CELEBRITY_2024-06-15_tug_103_aisData.csv
I,"I,K",XIN HE DA,,NPPS,HJIT1,,2024-06-15T13:34:33.000Z,2024-06-15T13:51:33.000Z,1.7,10.0,0.0,0.0,LO,7808,세미(혼재)컨테이너선,2024-06-15T13:00:00.000Z,2024-06-15T13:30:00.000Z,NPPS,HJIT1,IK,,쥬피터1호_XIN HE DA_2024-06-15_target_104_aisData.csv,쥬피터1호_XIN HE DA_2024-06-15_tug_104_aisData.csv
I,I,SITC HENGDE,,HJIT3,NPPS,,2024-06-16T01:49:33.000Z,2024-06-16T02:08:33.000Z,0.0,0.0,0.0,14.0,JU,18820,풀컨테이너선,2024-06-16T02:00:00.000Z,2024-06-16T02:00:00.000Z,HJIT3,NPPS,I,JU,쥬피터1호_SITC HENGDE_2024-06-16_target_105_aisData.csv,쥬피터1호_SITC HENGDE_2024-06-16_tug_105_aisData.csv
N,"S,N",KEOJE CORDELIA,북항임시정계지,PAL,N-HOB,연안부두정계지,2024-06-16T05:35:33.000Z,2024-06-16T06:13:33.000Z,6.8,82.0,3.9,33.0,KB,8689,석유제품 운반선,2024-06-16T04:30:00.000Z,2024-06-16T04:30:00.000Z,PAL,N-HOB,SN,KB,뉴엔젤호_KEOJE CORDELIA_2024-06-16_target_106_aisData.csv,뉴엔젤호_KEOJE CORDELIA_2024-06-16_tug_106_aisData.csv
I,"I,K",XIN HE DA,,HJIT1,NPPS,,2024-06-16T07:12:33.000Z,2024-06-16T07:22:33.000Z,0.0,2.0,0.2,5.0,BJ,7808,세미(혼재)컨테이너선,2024-06-16T07:00:00.000Z,2024-06-16T07:00:00.000Z,HJIT1,NPPS,IK,BJ,쥬피터1호_XIN HE DA_2024-06-16_target_107_aisData.csv,쥬피터1호_XIN HE DA_2024-06-16_tug_107_aisData.csv
I,"I,K",SITC CHANGMING,,NPPS,HJIT1,,2024-06-16T07:18:33.000Z,2024-06-16T07:36:33.000Z,0.0,2.0,0.1,13.0,KU,29274,풀컨테이너선,2024-06-16T07:00:00.000Z,2024-06-16T07:00:00.000Z,NPPS,HJIT1,IK,KU,쥬피터1호_SITC CHANGMING_2024-06-16_target_108_aisData.csv,쥬피터1호_SITC CHANGMING_2024-06-16_tug_108_aisData.csv
M,"F3,M,A,비,동",WOOYANG CLES,연안부두정계지,LEN,22,연안부두정계지,2024-06-16T08:10:33.000Z,2024-06-16T08:59:33.000Z,3.2,15.0,5.2,44.0,KN,26303,산물선(벌크선),2024-06-16T08:30:00.000Z,2024-06-16T08:30:00.000Z,LEN,22,F3MA비동,KN,뉴마스호_WOOYANG CLES_2024-06-16_target_109_aisData.csv,뉴마스호_WOOYANG CLES_2024-06-16_tug_109_aisData.csv
T,"T,W",SKY VICTORIA,,PAL,E1CT,,2024-06-16T11:35:33.000Z,2024-06-16T11:45:33.000Z,0.2,2.0,2.0,25.0,,9592,풀컨테이너선,2024-06-16T10:00:00.000Z,2024-06-16T10:00:00.000Z,PAL,E1CT,TW,,대창호_SKY VICTORIA_2024-06-16_target_110_aisData.csv,대창호_SKY VICTORIA_2024-06-16_tug_110_aisData.csv
T,"T,R",LINA,연안부두정계지,SAMPYO,PAL,,2024-06-16T10:22:33.000Z,2024-06-16T11:13:33.000Z,5.0,22.0,3.2,46.0,,6983,산물선(벌크선),2024-06-16T11:00:00.000Z,2024-06-16T11:00:00.000Z,SAMPYO,PAL,TR,,대창호_LINA_2024-06-16_target_111_aisData.csv,대창호_LINA_2024-06-16_tug_111_aisData.csv
미,미,SKOON A,연안부두정계지,PAL,N16,연안부두정계지,2024-06-16T09:49:33.000Z,2024-06-16T10:21:33.000Z,9.9,38.0,3.5,27.0,GJ,2972,일반화물선,2024-06-16T09:00:00.000Z,2024-06-16T09:00:00.000Z,PAL,N16,미,,뉴월미호_SKOON A_2024-06-16_target_112_aisData.csv,뉴월미호_SKOON A_2024-06-16_tug_112_aisData.csv
Z,"Z,G,A,비,명",GLOVIS COMPANION,연안부두정계지,PAL,52,연안부두정계지,2024-06-16T09:46:33.000Z,2024-06-16T10:15:33.000Z,5.0,23.0,3.4,24.0,YM,60213,자동차운반선,2024-06-16T09:30:00.000Z,2024-06-16T09:30:00.000Z,PAL,52,ZGA비명,,대성호_GLOVIS COMPANION_2024-06-16_target_113_aisData.csv,대성호_GLOVIS COMPANION_2024-06-16_tug_113_aisData.csv
M,"F3,M",SUNRISE GLORY,연안부두정계지,SKI 3,DONG,연안부두정계지,2024-06-16T11:30:33.000Z,2024-06-16T12:27:33.000Z,20.3,94.0,3.6,52.0,SK,29649,석유제품 운반선,2024-06-16T12:00:00.000Z,2024-06-16T12:00:00.000Z,SKI 3,DONG,F3M,,뉴마스호_SUNRISE GLORY_2024-06-16_target_114_aisData.csv,뉴마스호_SUNRISE GLORY_2024-06-16_tug_114_aisData.csv
N,"N,O,O,진",VW FORTUNE,연안부두정계지,PAL,50,연안부두정계지,2024-06-16T14:11:34.000Z,2024-06-16T14:47:34.000Z,1.5,8.0,5.2,31.0,LO,6566,산물선(벌크선),2024-06-16T13:30:00.000Z,2024-06-16T13:30:00.000Z,PAL,50,NOO진,,뉴엔젤호_VW FORTUNE_2024-06-16_target_115_aisData.csv,뉴엔젤호_VW FORTUNE_2024-06-16_tug_115_aisData.csv
미,"S,미",KS HONOR,연안부두정계지,SKI 2,PAL,,2024-06-16T19:36:33.000Z,2024-06-16T19:46:33.000Z,6.4,24.0,2.3,26.0,,7057,석유제품 운반선,2024-06-16T19:30:00.000Z,2024-06-16T21:30:00.000Z,SKI 2,PAL,S미,,뉴월미호_KS HONOR_2024-06-16_target_116_aisData.csv,뉴월미호_KS HONOR_2024-06-16_tug_116_aisData.csv
I,I,REVERENCE,,SNCT2,NPPS,,2024-06-16T15:44:33.000Z,2024-06-16T16:11:33.000Z,1.0,68.0,0.0,0.0,KB,9990,풀컨테이너선,2024-06-16T16:00:00.000Z,2024-06-16T00:30:00.000Z,NPPS,SNCT2,IK,JU,쥬피터1호_REVERENCE_2024-06-16_target_117_aisData.csv,쥬피터1호_REVERENCE_2024-06-16_tug_117_aisData.csv
H,H,YM CELEBRITY,연안부두정계지,ICT2,PAL,연안부두정계지,2024-06-16T16:39:33.000Z,2024-06-16T17:10:33.000Z,3.6,16.0,1.3,26.0,KU,32720,풀컨테이너선,2024-06-16T17:00:00.000Z,2024-06-16T20:00:00.000Z,ICT2,PAL,D,,한창1호_YM CELEBRITY_2024-06-16_target_118_aisData.csv,한창1호_YM CELEBRITY_2024-06-16_tug_118_aisData.csv
I,"K,I",KMTC TOKYO,,NPPS,HJIT3,송도정계지,2024-06-16T18:09:33.000Z,2024-06-16T18:23:33.000Z,1.8,16.0,2.8,9.0,KN,17853,풀컨테이너선,2024-06-16T17:00:00.000Z,2024-06-16T17:00:00.000Z,NPPS,HJIT3,KI,,쥬피터1호_KMTC TOKYO_2024-06-16_target_119_aisData.csv,쥬피터1호_KMTC TOKYO_2024-06-16_tug_119_aisData.csv
진,"O,진",GAIN OCEAN,,44,PAL,,2024-06-16T15:11:34.000Z,2024-06-16T15:56:34.000Z,0.0,2.0,0.0,40.0,BJ,4912,일반화물선,2024-06-16T18:00:00.000Z,2024-06-16T17:00:00.000Z,44,PAL,O진,,뉴약진호_GAIN OCEAN_2024-06-16_target_120_aisData.csv,뉴약진호_GAIN OCEAN_2024-06-16_tug_120_aisData.csv
M,"L,M",POS HOCHIMINH,연안부두정계지,NPPS,SNCT2,,2024-06-16T18:12:33.000Z,2024-06-16T18:22:33.000Z,21.6,80.0,2.4,27.0,KB,18085,풀컨테이너선,2024-06-16T17:00:00.000Z,2024-06-16T17:00:00.000Z,NPPS,SNCT2,LH,,뉴마스호_POS HOCHIMINH_2024-06-16_target_121_aisData.csv,뉴마스호_POS HOCHIMINH_2024-06-16_tug_121_aisData.csv
M,"L,M",YA LU JIANG,,NPPS,SNCT3,,2024-06-16T18:18:34.000Z,2024-06-16T18:51:33.000Z,0.4,2.0,4.5,28.0,KU,5250,세미(혼재)컨테이너선,2024-06-16T18:00:00.000Z,2024-06-16T18:00:00.000Z,NPPS,SNCT3,LI,,뉴마스호_YA LU JIANG_2024-06-16_target_122_aisData.csv,뉴마스호_YA LU JIANG_2024-06-16_tug_122_aisData.csv
미,"미,성",FC DELLA,,PAL,N-HOB,연안부두정계지,2024-06-16T21:01:33.000Z,2024-06-16T21:47:33.000Z,6.3,30.0,4.0,41.0,,4956,케미칼 운반선,2024-06-16T20:00:00.000Z,2024-06-16T21:00:00.000Z,PAL,N-HOB,미성,,뉴월미호_FC DELLA_2024-06-16_target_123_aisData.csv,뉴월미호_FC DELLA_2024-06-16_tug_123_aisData.csv
명,"비,명,동",GLOVIS COMPANION,내항정계지,52,DONG,내항정계지,2024-06-16T22:46:34.000Z,2024-06-16T23:41:34.000Z,1.6,8.0,2.5,50.0,HY,60213,자동차운반선,2024-06-16T23:00:00.000Z,2024-06-16T09:30:00.000Z,PAL,52,ZGA비명,,대명호_GLOVIS COMPANION_2024-06-16_target_124_aisData.csv,대명호_GLOVIS COMPANION_2024-06-16_tug_124_aisData.csv
I,"I,K",CONSISTENCE,송도정계지,NPPS,HJIT2,송도정계지,2024-06-17T00:00:33.000Z,2024-06-17T00:20:33.000Z,8.7,579.0,1.5,15.0,OS,9972,풀컨테이너선,2024-06-16T23:30:00.000Z,2024-06-16T23:30:00.000Z,NPPS,HJIT1,IK,,쥬피터1호_CONSISTENCE_2024-06-17_target_125_aisData.csv,쥬피터1호_CONSISTENCE_2024-06-17_tug_125_aisData.csv
N,"W,N",BAO HONG 8,연안부두정계지,PAL,N12,,2024-06-17T01:40:34.000Z,2024-06-17T02:20:34.000Z,9.4,273.0,5.3,35.0,SK,4517,일반화물선,2024-06-17T01:00:00.000Z,2024-06-17T01:00:00.000Z,PAL,N12,WN,SK,뉴엔젤호_BAO HONG 8_2024-06-17_target_126_aisData.csv,뉴엔젤호_BAO HONG 8_2024-06-17_tug_126_aisData.csv
Z,"F1,G,Z,비,명",SANG SHIN,연안부두정계지,PAL,52,연안부두정계지,2024-06-17T02:11:33.000Z,2024-06-17T02:35:33.000Z,5.2,32.0,3.1,19.0,CG,50308,자동차운반선,2024-06-17T01:30:00.000Z,2024-06-17T01:30:00.000Z,PAL,52,F1GZ비명,CG,대성호_SANG SHIN_2024-06-17_target_127_aisData.csv,대성호_SANG SHIN_2024-06-17_tug_127_aisData.csv
명,"비,명,해",TORTUGAS,,53,PAL,,2024-06-17T03:21:34.000Z,2024-06-17T04:36:34.000Z,0.0,0.0,2.5,70.0,KB,61321,자동차운반선,2024-06-17T04:00:00.000Z,2024-06-17T04:00:00.000Z,53,PAL,비명해,KB,대명호_TORTUGAS_2024-06-17_target_128_aisData.csv,대명호_TORTUGAS_2024-06-17_tug_128_aisData.csv
명,"A,J,F1,비,명",LIBERTY KING,내항정계지,PAL,60,내항정계지,2024-06-17T06:21:34.000Z,2024-06-17T07:17:34.000Z,1.5,13.0,2.4,51.0,BJ,55729,자동차운반선,2024-06-17T04:30:00.000Z,2024-06-17T04:30:00.000Z,PAL,60,AJF1비명,BJ,대명호_LIBERTY KING_2024-06-17_target_129_aisData.csv,대명호_LIBERTY KING_2024-06-17_tug_129_aisData.csv
N,"E,N",WOOLIM DRAGON,,PAL,SOD1,,2024-06-17T06:36:34.000Z,2024-06-17T07:17:34.000Z,11.8,286.0,2.4,36.0,SK,5197,석유제품 운반선,2024-06-17T06:00:00.000Z,2024-06-17T06:00:00.000Z,PAL,SOD1,EN,SK,뉴엔젤호_WOOLIM DRAGON_2024-06-17_target_130_aisData.csv,뉴엔젤호_WOOLIM DRAGON_2024-06-17_tug_130_aisData.csv
N,"S,N",WOO SEOK,연안부두정계지,PAL,SKI 2,북항임시정계지,2024-06-17T15:35:34.000Z,2024-06-17T16:20:34.000Z,5.9,31.0,4.4,40.0,,2362,석유제품 운반선,2024-06-17T15:00:00.000Z,2024-06-17T15:00:00.000Z,PAL,SKI 2,SN,,뉴엔젤호_WOO SEOK_2024-06-17_target_131_aisData.csv,뉴엔젤호_WOO SEOK_2024-06-17_tug_131_aisData.csv
I,"성,I",XIN MING ZHOU 20,송도정계지,NPPS,SNCT2,,2024-06-17T12:20:34.000Z,2024-06-17T12:32:34.000Z,2.5,30.0,0.0,7.0,LO,9653,풀컨테이너선,2024-06-17T12:00:00.000Z,2024-06-17T10:30:00.000Z,NPPS,SNCT2,LI,,쥬피터1호_XIN MING ZHOU 20_2024-06-17_target_132_aisData.csv,쥬피터1호_XIN MING ZHOU 20_2024-06-17_tug_132_aisData.csv
미,"E,미",XIN YU JIN XIANG,연안부두정계지,PAL,NIPT6,연안부두정계지,2024-06-17T17:38:33.000Z,2024-06-17T18:09:33.000Z,6.9,32.0,3.4,26.0,KK,12304,국제카페리,2024-06-17T17:00:00.000Z,2024-06-17T15:00:00.000Z,PAL,NIPT6,E미,,뉴월미호_XIN YU JIN XIANG_2024-06-17_target_133_aisData.csv,뉴월미호_XIN YU JIN XIANG_2024-06-17_tug_133_aisData.csv
명,"비,명,해",LIBERTY KING,내항정계지,60,PAL,,2024-06-17T16:33:34.000Z,2024-06-17T17:28:34.000Z,0.9,5.0,1.4,50.0,UM,55729,자동차운반선,2024-06-17T17:00:00.000Z,2024-06-17T04:30:00.000Z,PAL,60,AJF1비명,BJ,대명호_LIBERTY KING_2024-06-17_target_134_aisData.csv,대명호_LIBERTY KING_2024-06-17_tug_134_aisData.csv
진,"S,진",BR FAIRY,,PAL,30,내항정계지,2024-06-17T19:35:34.000Z,2024-06-17T20:05:34.000Z,1.6,12.0,3.3,25.0,SC,2509,일반화물선,2024-06-17T18:00:00.000Z,2024-06-17T18:00:00.000Z,PAL,30,W진,,뉴약진호_BR FAIRY_2024-06-17_target_135_aisData.csv,뉴약진호_BR FAIRY_2024-06-17_tug_135_aisData.csv
명,"비,명,동",SANG SHIN,,52,DONG,,2024-06-17T17:26:34.000Z,2024-06-17T18:29:34.000Z,0.0,0.0,0.3,58.0,JJ,50308,자동차운반선,2024-06-17T19:00:00.000Z,2024-06-17T01:30:00.000Z,PAL,52,F1GZ비명,CG,대명호_SANG SHIN_2024-06-17_target_136_aisData.csv,대명호_SANG SHIN_2024-06-17_tug_136_aisData.csv
미,"S,미",VICTORY STAR,연안부두정계지,PAL,E1CT,연안부두정계지,2024-06-17T23:27:33.000Z,2024-06-18T00:03:33.000Z,6.9,28.0,3.1,31.0,UM,7406,풀컨테이너선,2024-06-17T23:00:00.000Z,2024-06-17T23:00:00.000Z,PAL,E1CT,SN,,뉴월미호_VICTORY STAR_2024-06-17_target_137_aisData.csv,뉴월미호_VICTORY STAR_2024-06-17_tug_137_aisData.csv
T,"T,E",XIN YU JIN XIANG,,NIPT6,PAL,연안부두정계지,2024-06-18T00:22:34.000Z,2024-06-18T01:05:34.000Z,14.6,90.0,2.0,38.0,KI,12304,국제카페리,2024-06-18T00:50:00.000Z,2024-06-18T00:50:00.000Z,NIPT6,PAL,TE,KI,대창호_XIN YU JIN XIANG_2024-06-18_target_138_aisData.csv,대창호_XIN YU JIN XIANG_2024-06-18_tug_138_aisData.csv
N,"N,R",WOOLIM DRAGON,연안부두정계지,SOD1,E4,,2024-06-18T04:05:35.000Z,2024-06-18T04:15:35.000Z,0.2,2.0,1.1,26.0,JU,5197,석유제품 운반선,2024-06-18T04:00:00.000Z,2024-06-18T04:00:00.000Z,SOD1,E4,NR,JU,뉴엔젤호_WOOLIM DRAGON_2024-06-18_target_139_aisData.csv,뉴엔젤호_WOOLIM DRAGON_2024-06-18_tug_139_aisData.csv
N,"N,Q",SJ HOPE,연안부두정계지,KAL,PAL,,2024-06-18T06:06:35.000Z,2024-06-18T06:16:35.000Z,5.4,19.0,1.9,22.0,CH,5025,석유제품 운반선,2024-06-18T06:00:00.000Z,2024-06-18T06:00:00.000Z,KAL,PAL,NQ,CH,뉴엔젤호_SJ HOPE_2024-06-18_target_140_aisData.csv,뉴엔젤호_SJ HOPE_2024-06-18_tug_140_aisData.csv
T,"T,S",ARAFURA LILY,연안부두정계지,PAL,NIPT6,연안부두정계지,2024-06-18T07:07:35.000Z,2024-06-18T07:29:34.000Z,8.3,47.0,1.4,17.0,US,12335,국제카페리,2024-06-18T06:30:00.000Z,2024-06-18T06:30:00.000Z,PAL,NIPT6,TS,US,대창호_ARAFURA LILY_2024-06-18_target_141_aisData.csv,대창호_ARAFURA LILY_2024-06-18_tug_141_aisData.csv
I,"I,K",BEI HAI,송도정계지,NPPS,HJIT2,송도정계지,2024-06-18T07:32:34.000Z,2024-06-18T08:19:34.000Z,0.0,9.0,4.2,42.0,JH,5272,세미(혼재)컨테이너선,2024-06-18T07:00:00.000Z,2024-06-18T07:00:00.000Z,NPPS,HJIT2,IK,JH,쥬피터1호_BEI HAI_2024-06-18_target_142_aisData.csv,쥬피터1호_BEI HAI_2024-06-18_tug_142_aisData.csv
N,"N,W",FC DELLA,,PAL,N-HOB,연안부두정계지,2024-06-18T06:37:35.000Z,2024-06-18T07:16:35.000Z,6.4,59.0,3.1,34.0,,4956,케미칼 운반선,2024-06-18T05:30:00.000Z,2024-06-18T07:00:00.000Z,PAL,N-HOB,NW,,뉴엔젤호_FC DELLA_2024-06-18_target_143_aisData.csv,뉴엔젤호_FC DELLA_2024-06-18_tug_143_aisData.csv
명,"비,명,해",HOANH SON PLANET,,72,DONG,내항정계지,2024-06-18T10:56:34.000Z,2024-06-18T11:13:34.000Z,2.3,23.0,1.0,12.0,US,39964,산물선(벌크선),2024-06-18T10:30:00.000Z,2024-06-18T10:30:00.000Z,72,DONG,비명해,,대명호_HOANH SON PLANET_2024-06-18_target_144_aisData.csv,대명호_HOANH SON PLANET_2024-06-18_tug_144_aisData.csv
M,"D,M,A,비,명",EMMA OLDENDORFF,연안부두정계지,PAL,72,연안부두정계지,2024-06-18T12:31:34.000Z,2024-06-19T00:05:34.000Z,4.0,55.0,5.8,49.0,KK,25431,산물선(벌크선),2024-06-18T11:00:00.000Z,2024-06-18T11:00:00.000Z,PAL,72,DMA비명,,뉴마스호_EMMA OLDENDORFF_2024-06-18_target_145_aisData.csv,뉴마스호_EMMA OLDENDORFF_2024-06-18_tug_145_aisData.csv
N,N,SKOON A,연안부두정계지,N16,PAL,북항임시정계지,2024-06-18T13:15:35.000Z,2024-06-18T13:38:35.000Z,5.5,17.0,1.1,18.0,NS,2972,일반화물선,2024-06-18T13:30:00.000Z,2024-06-18T14:00:00.000Z,N16,PAL,N,,뉴엔젤호_SKOON A_2024-06-18_target_146_aisData.csv,뉴엔젤호_SKOON A_2024-06-18_tug_146_aisData.csv
진,"해,진",MASAKAZU,내항정계지,34,PAL,내항정계지,2024-06-18T13:40:35.000Z,2024-06-18T14:29:35.000Z,1.6,8.0,3.6,44.0,BC,5543,일반화물선,2024-06-18T14:00:00.000Z,2024-06-18T15:00:00.000Z,34,PAL,윤진,,뉴약진호_MASAKAZU_2024-06-18_target_147_aisData.csv,뉴약진호_MASAKAZU_2024-06-18_tug_147_aisData.csv
미,"미,S",NEWZENBERG,연안부두정계지,N45,PAL,연안부두정계지,2024-06-18T16:58:34.000Z,2024-06-18T17:23:34.000Z,14.1,51.0,2.4,20.0,KI,4801,일반화물선,2024-06-18T17:00:00.000Z,2024-06-18T18:00:00.000Z,N45,PAL,미S,,뉴월미호_NEWZENBERG_2024-06-18_target_148_aisData.csv,뉴월미호_NEWZENBERG_2024-06-18_tug_148_aisData.csv
N,"N,O",FC DELLA,북항임시정계지,N-HOB,PAL,,2024-06-18T17:13:35.000Z,2024-06-18T17:23:35.000Z,1.9,21.0,1.3,24.0,,4956,케미칼 운반선,2024-06-18T17:00:00.000Z,2024-06-18T07:00:00.000Z,PAL,N-HOB,NW,,뉴엔젤호_FC DELLA_2024-06-18_target_149_aisData.csv,뉴엔젤호_FC DELLA_2024-06-18_tug_149_aisData.csv
N,"W,N",WOOLIM 7,,PAL,SKI 4,북항임시정계지,2024-06-18T18:03:35.000Z,2024-06-18T18:49:35.000Z,3.5,27.0,4.9,41.0,,8072,석유제품 운반선,2024-06-18T17:30:00.000Z,2024-06-18T17:30:00.000Z,PAL,SKI 4,SN,,뉴엔젤호_WOOLIM 7_2024-06-18_target_150_aisData.csv,뉴엔젤호_WOOLIM 7_2024-06-18_tug_150_aisData.csv
N,"N,O",DL AMBER,북항임시정계지,PAL,SKI 2,연안부두정계지,2024-06-18T20:45:35.000Z,2024-06-18T21:38:35.000Z,7.3,66.0,3.7,48.0,OS,7333,석유제품 운반선,2024-06-18T20:00:00.000Z,2024-06-18T17:30:00.000Z,PAL,SKI 2,NO,,뉴엔젤호_DL AMBER_2024-06-18_target_151_aisData.csv,뉴엔젤호_DL AMBER_2024-06-18_tug_151_aisData.csv
미,미,HIROAN,연안부두정계지,PAL,N22,연안부두정계지,2024-06-18T23:52:34.000Z,2024-06-19T00:26:34.000Z,11.0,41.0,5.0,29.0,RW,1528,산물선(벌크선),2024-06-18T23:00:00.000Z,2024-06-18T23:00:00.000Z,PAL,N22,미,,뉴월미호_HIROAN_2024-06-18_target_152_aisData.csv,뉴월미호_HIROAN_2024-06-18_tug_152_aisData.csv
I,"L,I",BEI HAI,송도정계지,HJIT2,NPPS,,2024-06-18T21:29:35.000Z,2024-06-18T21:39:35.000Z,0.0,206.0,0.0,5.0,SC,5272,세미(혼재)컨테이너선,2024-06-18T21:30:00.000Z,2024-06-18T07:00:00.000Z,NPPS,HJIT2,IK,JH,쥬피터1호_BEI HAI_2024-06-18_target_153_aisData.csv,쥬피터1호_BEI HAI_2024-06-18_tug_153_aisData.csv
I,"L,I",MONICA,송도정계지,NPPS,SNCT2,송도정계지,2024-06-19T02:34:35.000Z,2024-06-19T03:12:35.000Z,7.6,31.0,3.6,33.0,HY,17801,풀컨테이너선,2024-06-19T02:00:00.000Z,2024-06-19T02:00:00.000Z,NPPS,SNCT2,LI,HY,쥬피터1호_MONICA_2024-06-19_target_154_aisData.csv,쥬피터1호_MONICA_2024-06-19_tug_154_aisData.csv
T,"E,T",CHANG YAHNG,,PAL,SSC,연안부두정계지,2024-06-19T12:48:35.000Z,2024-06-19T13:00:36.000Z,0.0,39.0,0.0,7.0,,5996,시멘트운반선,2024-06-19T12:30:00.000Z,2024-06-19T12:30:00.000Z,PAL,SSC,ET,,대창호_CHANG YAHNG_2024-06-19_target_155_aisData.csv,대창호_CHANG YAHNG_2024-06-19_tug_155_aisData.csv
미,"S,미",FC GRACE,,PAL,N-HOB,,2024-06-19T06:25:34.000Z,2024-06-19T07:02:34.000Z,0.5,6.0,2.5,32.0,,4960,"Tanker, No additional information",2024-06-19T06:00:00.000Z,2024-06-19T07:00:00.000Z,PAL,N-HOB,S미,,뉴월미호_FC GRACE_2024-06-19_target_156_aisData.csv,뉴월미호_FC GRACE_2024-06-19_tug_156_aisData.csv
N,"E,N",WOOLIM 7,,SKI 4,PAL,,2024-06-19T09:15:36.000Z,2024-06-19T09:25:36.000Z,0.0,0.0,1.6,19.0,NS,8072,석유제품 운반선,2024-06-19T09:00:00.000Z,2024-06-19T09:00:00.000Z,SKI 4,PAL,EN,,뉴엔젤호_WOOLIM 7_2024-06-19_target_157_aisData.csv,뉴엔젤호_WOOLIM 7_2024-06-19_tug_157_aisData.csv
N,"N,R",DL AMBER,연안부두정계지,SKI 2,PAL,,2024-06-19T08:48:36.000Z,2024-06-19T08:59:35.000Z,6.5,23.0,0.6,6.0,CH,7333,석유제품 운반선,2024-06-19T10:30:00.000Z,2024-06-19T10:30:00.000Z,SKI 2,PAL,NR,,뉴엔젤호_DL AMBER_2024-06-19_target_158_aisData.csv,뉴엔젤호_DL AMBER_2024-06-19_tug_158_aisData.csv
미,미,FC GRACE,,N-HOB,PAL,,2024-06-19T17:28:35.000Z,2024-06-19T18:00:35.000Z,0.0,0.0,6.7,27.0,,4960,"Tanker, No additional information",2024-06-19T19:00:00.000Z,2024-06-19T07:00:00.000Z,PAL,N-HOB,S미,,뉴월미호_FC GRACE_2024-06-19_target_159_aisData.csv,뉴월미호_FC GRACE_2024-06-19_tug_159_aisData.csv
I,"I,C,L",HALLASAN EXPLORER,송도정계지,JANG,E1GT,,2024-06-19T14:45:35.000Z,2024-06-19T16:21:35.000Z,4.7,32.0,1.4,24.0,JJ,48735,LPG 운반선,2024-06-19T13:00:00.000Z,2024-06-19T13:00:00.000Z,JANG,E1GT,ICL,,쥬피터1호_HALLASAN EXPLORER_2024-06-19_target_160_aisData.csv,쥬피터1호_HALLASAN EXPLORER_2024-06-19_tug_160_aisData.csv
M,"M,명",PETREL PACIFIC,연안부두정계지,SKI 1,DONG,연안부두정계지,2024-06-19T11:21:35.000Z,2024-06-19T12:05:35.000Z,10.4,33.0,2.8,39.0,UM,29403,원유운반선,2024-06-19T11:30:00.000Z,2024-06-19T11:30:00.000Z,SKI 1,DONG,M명,,뉴마스호_PETREL PACIFIC_2024-06-19_target_161_aisData.csv,뉴마스호_PETREL PACIFIC_2024-06-19_tug_161_aisData.csv
진,진,BR FAIRY,내항정계지,30,PAL,,2024-06-19T11:51:36.000Z,2024-06-19T12:25:36.000Z,1.8,21.0,2.5,29.0,SC,2509,일반화물선,2024-06-19T12:00:00.000Z,2024-06-19T12:00:00.000Z,30,PAL,진,,뉴약진호_BR FAIRY_2024-06-19_target_162_aisData.csv,뉴약진호_BR FAIRY_2024-06-19_tug_162_aisData.csv
미,"미,R",EXPRESS STAR,,N21,PAL,,2024-06-19T12:41:35.000Z,2024-06-19T13:00:35.000Z,0.0,0.0,2.4,14.0,CH,5138,일반화물선,2024-06-19T13:00:00.000Z,2024-06-19T13:00:00.000Z,N21,PAL,미R,,뉴월미호_EXPRESS STAR_2024-06-19_target_163_aisData.csv,뉴월미호_EXPRESS STAR_2024-06-19_tug_163_aisData.csv
T,"V,T",EVER CHASTE,연안부두정계지,PAL,ICT1,,2024-06-19T11:00:35.000Z,2024-06-19T11:30:35.000Z,5.9,39.0,2.5,25.0,NS,17943,풀컨테이너선,2024-06-19T10:30:00.000Z,2024-06-19T11:00:00.000Z,PAL,ICT1,VT,,대창호_EVER CHASTE_2024-06-19_target_164_aisData.csv,대창호_EVER CHASTE_2024-06-19_tug_164_aisData.csv
진,"윤,진",VW FORTUNE,내항정계지,50,PAL,내항정계지,2024-06-19T16:38:36.000Z,2024-06-19T17:11:36.000Z,1.0,5.0,0.9,28.0,RW,6566,산물선(벌크선),2024-06-19T17:00:00.000Z,2024-06-19T17:00:00.000Z,50,PAL,윤진,,뉴약진호_VW FORTUNE_2024-06-19_target_165_aisData.csv,뉴약진호_VW FORTUNE_2024-06-19_tug_165_aisData.csv
I,"K,I",MONICA,,SNCT2,NPPS,,2024-06-19T16:17:35.000Z,2024-06-19T17:18:35.000Z,0.0,0.0,2.8,56.0,SC,17801,풀컨테이너선,2024-06-19T17:00:00.000Z,2024-06-19T02:00:00.000Z,NPPS,SNCT2,LI,HY,쥬피터1호_MONICA_2024-06-19_target_166_aisData.csv,쥬피터1호_MONICA_2024-06-19_tug_166_aisData.csv
명,"비,명",WOOYANG CLES,,22,24,내항정계지,2024-06-19T17:09:35.000Z,2024-06-19T17:47:35.000Z,1.9,10.0,1.5,33.0,US,26303,산물선(벌크선),2024-06-19T17:30:00.000Z,2024-06-19T17:30:00.000Z,22,24,비명,,대명호_WOOYANG CLES_2024-06-19_target_167_aisData.csv,대명호_WOOYANG CLES_2024-06-19_tug_167_aisData.csv
I,I,A ROKKO,,HJIT2,NPPS,,2024-06-19T17:54:35.000Z,2024-06-19T18:08:35.000Z,0.0,0.0,0.0,9.0,LY,9562,풀컨테이너선,2024-06-19T18:00:00.000Z,2024-06-19T12:00:00.000Z,NPPS,HJIT2,K성,,쥬피터1호_A ROKKO_2024-06-19_target_168_aisData.csv,쥬피터1호_A ROKKO_2024-06-19_tug_168_aisData.csv
동,"동,진",KWANGYANG FRONTIER,,60,PAL,내항정계지,2024-06-19T18:34:36.000Z,2024-06-20T00:05:36.000Z,1.2,10.0,2.3,52.0,SC,4388,"Cargo, all ships of this type",2024-06-19T19:00:00.000Z,2024-06-19T19:00:00.000Z,60,PAL,동진,,동보1호_KWANGYANG FRONTIER_2024-06-19_target_169_aisData.csv,동보1호_KWANGYANG FRONTIER_2024-06-19_tug_169_aisData.csv
I,"L,I",KMTC LAEM CHABANG,,NPPS,HJIT3,,2024-06-19T17:18:35.000Z,2024-06-19T17:58:35.000Z,1.0,10.0,0.9,35.0,LY,18318,풀컨테이너선,2024-06-19T16:20:00.000Z,2024-06-19T17:00:00.000Z,NPPS,HJIT3,LI,,쥬피터1호_KMTC LAEM CHABANG_2024-06-19_target_170_aisData.csv,쥬피터1호_KMTC LAEM CHABANG_2024-06-19_tug_170_aisData.csv
동,"해,동,윤",SPRING BREEZE,내항정계지,42,DONG,내항정계지,2024-06-20T01:10:36.000Z,2024-06-20T01:39:36.000Z,4.3,32.0,0.8,24.0,UM,21699,산물선(벌크선),2024-06-20T01:30:00.000Z,2024-06-20T01:30:00.000Z,42,DONG,해동윤,UM,동보1호_SPRING BREEZE_2024-06-20_target_171_aisData.csv,동보1호_SPRING BREEZE_2024-06-20_tug_171_aisData.csv
N,"S,N",FC DELLA,연안부두정계지,PAL,SOD1,연안부두정계지,2024-06-20T02:18:36.000Z,2024-06-20T03:00:36.000Z,9.5,673.0,2.4,37.0,,4956,케미칼 운반선,2024-06-20T02:00:00.000Z,2024-06-20T02:00:00.000Z,PAL,SOD1,SN,,뉴엔젤호_FC DELLA_2024-06-20_target_172_aisData.csv,뉴엔젤호_FC DELLA_2024-06-20_tug_172_aisData.csv
동,"해,동,윤",EMMA OLDENDORFF,내항정계지,72,PAL,내항정계지,2024-06-20T03:04:36.000Z,2024-06-20T04:06:36.000Z,0.6,6.0,3.5,57.0,CG,25431,산물선(벌크선),2024-06-20T03:30:00.000Z,2024-06-20T03:30:00.000Z,72,PAL,해동윤,CG,동보1호_EMMA OLDENDORFF_2024-06-20_target_173_aisData.csv,동보1호_EMMA OLDENDORFF_2024-06-20_tug_173_aisData.csv
동,"M,해,동,진",CHANG SHIN,내항정계지,PAL,36,내항정계지,2024-06-20T06:06:36.000Z,2024-06-20T06:16:36.000Z,2.6,28.0,2.2,31.0,JU,9223,자동차운반선,2024-06-20T04:00:00.000Z,2024-06-20T04:00:00.000Z,PAL,36,M해동진,JU,동보1호_CHANG SHIN_2024-06-20_target_174_aisData.csv,동보1호_CHANG SHIN_2024-06-20_tug_174_aisData.csv
M,M,CHANG YAHNG,연안부두정계지,SSC,PAL,연안부두정계지,2024-06-20T16:53:36.000Z,2024-06-20T17:24:36.000Z,5.7,22.0,4.5,26.0,,5996,시멘트운반선,2024-06-20T18:00:00.000Z,2024-06-20T18:00:00.000Z,SSC,PAL,M,,뉴마스호_CHANG YAHNG_2024-06-20_target_175_aisData.csv,뉴마스호_CHANG YAHNG_2024-06-20_tug_175_aisData.csv
T,T,BIRYONG,연안부두정계지,PAL,NIPT2,연안부두정계지,2024-06-20T09:52:36.000Z,2024-06-20T10:25:36.000Z,6.8,31.0,3.1,28.0,KK,14614,국제카페리,2024-06-20T09:30:00.000Z,2024-06-20T09:30:00.000Z,PAL,NIPT2,T,JJ,대창호_BIRYONG_2024-06-20_target_176_aisData.csv,대창호_BIRYONG_2024-06-20_tug_176_aisData.csv
I,I,KMTC LAEM CHABANG,,HJIT3,NPPS,,2024-06-20T09:20:36.000Z,2024-06-20T12:20:36.000Z,0.0,2.0,0.7,175.0,RW,18318,풀컨테이너선,2024-06-20T12:00:00.000Z,2024-06-20T12:00:00.000Z,HJIT3,NPPS,I,,쥬피터1호_KMTC LAEM CHABANG_2024-06-20_target_177_aisData.csv,쥬피터1호_KMTC LAEM CHABANG_2024-06-20_tug_177_aisData.csv
동,"R,해,동",SWIFT ARROW,내항정계지,21,PAL,내항정계지,2024-06-20T12:34:36.000Z,2024-06-20T13:32:36.000Z,2.1,22.0,1.5,53.0,BC,28157,산물선(벌크선),2024-06-20T13:00:00.000Z,2024-06-20T13:00:00.000Z,21,PAL,R해동,,동보1호_SWIFT ARROW_2024-06-20_target_178_aisData.csv,동보1호_SWIFT ARROW_2024-06-20_tug_178_aisData.csv
Z,"Z,J,V,F3,Z",EAGLE VICTORIA,연안부두정계지,SKI 3,DONG,연안부두정계지,2024-06-20T14:23:36.000Z,2024-06-20T14:33:36.000Z,72.5,271.0,0.0,5.0,OS,154163,원유운반선,2024-06-20T14:30:00.000Z,2024-06-20T14:30:00.000Z,SKI 3,DONG,ZJVF3Z,,대성호_EAGLE VICTORIA_2024-06-20_target_179_aisData.csv,대성호_EAGLE VICTORIA_2024-06-20_tug_179_aisData.csv
H,"A,H",KOREA VENUS,연안부두정계지,PAL,GS-HD,연안부두정계지,2024-06-20T14:20:36.000Z,2024-06-20T15:21:36.000Z,40.0,183.0,3.3,56.0,RW,39543,석유제품 운반선,2024-06-20T14:00:00.000Z,2024-06-20T14:00:00.000Z,PAL,GS-HD,AD,,한창1호_KOREA VENUS_2024-06-20_target_180_aisData.csv,한창1호_KOREA VENUS_2024-06-20_tug_180_aisData.csv
미,미,XIN HAI 799,,PAL,N16,,2024-06-20T16:14:35.000Z,2024-06-20T16:55:35.000Z,1.5,8.0,1.7,36.0,BC,2998,일반화물선,2024-06-20T15:00:00.000Z,2024-06-20T16:00:00.000Z,PAL,N16,미,,뉴월미호_XIN HAI 799_2024-06-20_target_181_aisData.csv,뉴월미호_XIN HAI 799_2024-06-20_tug_181_aisData.csv
미,"W,미",SUN OCEAN,연안부두정계지,PAL,N11,,2024-06-20T13:22:35.000Z,2024-06-20T14:02:35.000Z,3.6,32.0,4.5,35.0,,5093,일반화물선,2024-06-20T13:00:00.000Z,2024-06-20T13:00:00.000Z,PAL,N11,S미,,뉴월미호_SUN OCEAN_2024-06-20_target_182_aisData.csv,뉴월미호_SUN OCEAN_2024-06-20_tug_182_aisData.csv
I,"I,K",KMTC NAGOYA,,NPPS,SNCT1,,2024-06-20T18:24:36.000Z,2024-06-20T18:56:36.000Z,6.0,167.0,2.0,27.0,CG,17933,풀컨테이너선,2024-06-20T18:10:00.000Z,2024-06-20T18:00:00.000Z,NPPS,SNCT1,IK,,쥬피터1호_KMTC NAGOYA_2024-06-20_target_183_aisData.csv,쥬피터1호_KMTC NAGOYA_2024-06-20_tug_183_aisData.csv
동,"R,동",CHANG SHIN,내항정계지,36,PAL,내항정계지,2024-06-20T18:46:36.000Z,2024-06-20T19:23:36.000Z,2.3,11.0,3.3,32.0,BC,9223,자동차운반선,2024-06-20T19:00:00.000Z,2024-06-20T04:00:00.000Z,PAL,36,M해동진,JU,동보1호_CHANG SHIN_2024-06-20_target_184_aisData.csv,동보1호_CHANG SHIN_2024-06-20_tug_184_aisData.csv
미,미,TY IRIS,,PAL,N11,,2024-06-20T17:59:35.000Z,2024-06-20T18:36:35.000Z,1.7,12.0,3.2,32.0,,4105,일반화물선,2024-06-20T17:30:00.000Z,2024-06-20T17:30:00.000Z,PAL,N11,N,,뉴월미호_TY IRIS_2024-06-20_target_185_aisData.csv,뉴월미호_TY IRIS_2024-06-20_tug_185_aisData.csv
T,"T,R",SAWASDEE RIGEL,연안부두정계지,PAL,ICT2,연안부두정계지,2024-06-20T22:20:36.000Z,2024-06-20T23:06:36.000Z,7.5,36.0,2.4,41.0,,18072,풀컨테이너선,2024-06-20T22:00:00.000Z,2024-06-20T22:00:00.000Z,PAL,ICT1,TR,,대창호_SAWASDEE RIGEL_2024-06-20_target_186_aisData.csv,대창호_SAWASDEE RIGEL_2024-06-20_tug_186_aisData.csv
I,"I,성",PACIFIC BEIJING,,NPPS,SNCT3,,2024-06-20T21:34:36.000Z,2024-06-20T21:45:36.000Z,3.1,156.0,1.1,7.0,BC,9940,풀컨테이너선,2024-06-20T21:00:00.000Z,2024-06-20T21:00:00.000Z,NPPS,SNCT3,I성,,쥬피터1호_PACIFIC BEIJING_2024-06-20_target_187_aisData.csv,쥬피터1호_PACIFIC BEIJING_2024-06-20_tug_187_aisData.csv
미,"미,O",JN IRIS,북항임시정계지,W9,SKI 1,연안부두정계지,2024-06-20T21:04:35.000Z,2024-06-20T22:01:35.000Z,7.5,32.0,4.4,52.0,JJ,8252,석유제품 운반선,2024-06-20T20:30:00.000Z,2024-06-20T20:30:00.000Z,W9,SKI 1,NO,,뉴월미호_JN IRIS_2024-06-20_target_188_aisData.csv,뉴월미호_JN IRIS_2024-06-20_tug_188_aisData.csv
H,"A,H,G,비,G",YOUNG SHIN,연안부두정계지,PAL,40,연안부두정계지,2024-06-20T21:43:36.000Z,2024-06-20T22:31:36.000Z,3.8,26.0,4.6,43.0,LY,47677,자동차운반선,2024-06-20T21:00:00.000Z,2024-06-20T21:00:00.000Z,PAL,40,AHG비G,,한창1호_YOUNG SHIN_2024-06-20_target_189_aisData.csv,한창1호_YOUNG SHIN_2024-06-20_tug_189_aisData.csv
N,"N,Q",FC DELLA,연안부두정계지,SOD1,PAL,,2024-06-20T22:23:36.000Z,2024-06-20T22:34:36.000Z,3.9,345.0,0.0,6.0,,4956,케미칼 운반선,2024-06-20T23:00:00.000Z,2024-06-20T02:00:00.000Z,PAL,SOD1,SN,,뉴엔젤호_FC DELLA_2024-06-20_target_190_aisData.csv,뉴엔젤호_FC DELLA_2024-06-20_tug_190_aisData.csv
진,"해,진",GOLD EAGLE,,43,PAL,,2024-06-20T23:19:36.000Z,2024-06-21T00:14:36.000Z,1.4,8.0,3.7,50.0,RW,5580,일반화물선,2024-06-20T23:30:00.000Z,2024-06-20T18:00:00.000Z,43,PAL,해진,,뉴약진호_GOLD EAGLE_2024-06-20_target_191_aisData.csv,뉴약진호_GOLD EAGLE_2024-06-20_tug_191_aisData.csv
N,"E,N",FC GRACE,,E6,N-HOB,,2024-06-21T04:32:36.000Z,2024-06-21T05:20:37.000Z,1.8,10.0,4.7,43.0,,4960,"Tanker, No additional information",2024-06-21T04:00:00.000Z,2024-06-21T04:00:00.000Z,E6,N-HOB,EN,,뉴엔젤호_FC GRACE_2024-06-21_target_192_aisData.csv,뉴엔젤호_FC GRACE_2024-06-21_tug_192_aisData.csv
H,"A,H",KOREA VENUS,연안부두정계지,GS-HD,PAL,연안부두정계지,2024-06-21T13:01:36.000Z,2024-06-21T13:29:36.000Z,1.3,6.0,1.6,23.0,,39543,석유제품 운반선,2024-06-21T13:30:00.000Z,2024-06-21T13:30:00.000Z,GS-HD,PAL,AH,,한창1호_KOREA VENUS_2024-06-21_target_193_aisData.csv,한창1호_KOREA VENUS_2024-06-21_tug_193_aisData.csv
M,M,STARSHIP DRACO,연안부두정계지,PAL,ICT1,연안부두정계지,2024-06-21T18:16:37.000Z,2024-06-21T18:52:37.000Z,7.5,38.0,3.4,31.0,,18354,풀컨테이너선,2024-06-21T18:00:00.000Z,2024-06-21T18:00:00.000Z,PAL,ICT1,M,,뉴마스호_STARSHIP DRACO_2024-06-21_target_194_aisData.csv,뉴마스호_STARSHIP DRACO_2024-06-21_tug_194_aisData.csv
I,I,KMTC SURABAYA,,HJIT1,NPPS,,2024-06-21T05:12:36.000Z,2024-06-21T05:49:36.000Z,0.8,50.0,0.0,32.0,JJ,28517,풀컨테이너선,2024-06-21T05:30:00.000Z,2024-06-21T05:30:00.000Z,HJIT1,NPPS,I,KK,쥬피터1호_KMTC SURABAYA_2024-06-21_target_195_aisData.csv,쥬피터1호_KMTC SURABAYA_2024-06-21_tug_195_aisData.csv
Z,"B,Z",OOCL AMERICA,연안부두정계지,NPPS,SNCT1,연안부두정계지,2024-06-21T11:37:36.000Z,2024-06-21T11:52:36.000Z,49.0,175.0,0.0,10.0,OS,66046,풀컨테이너선,2024-06-21T11:00:00.000Z,2024-06-21T10:00:00.000Z,NPPS,SNCT1,BZ,,대성호_OOCL AMERICA_2024-06-21_target_196_aisData.csv,대성호_OOCL AMERICA_2024-06-21_tug_196_aisData.csv
명,"비,명,해",ANDRIA,내항정계지,73,PAL,내항정계지,2024-06-21T09:39:36.000Z,2024-06-21T10:44:36.000Z,0.5,3.0,3.5,60.0,RW,39643,산물선(벌크선),2024-06-21T10:00:00.000Z,2024-06-21T10:00:00.000Z,73,PAL,비명해,,대명호_ANDRIA_2024-06-21_target_197_aisData.csv,대명호_ANDRIA_2024-06-21_tug_197_aisData.csv
미,"E,미",XIN YU JIN XIANG,연안부두정계지,NIPT6,PAL,연안부두정계지,2024-06-21T11:09:36.000Z,2024-06-21T11:41:36.000Z,18.5,94.0,3.7,27.0,KB,12304,국제카페리,2024-06-21T11:30:00.000Z,2024-06-21T00:40:00.000Z,PAL,NIPT6,OV,UM,뉴월미호_XIN YU JIN XIANG_2024-06-21_target_198_aisData.csv,뉴월미호_XIN YU JIN XIANG_2024-06-21_tug_198_aisData.csv
I,"성,I",REVERENCE,,NPPS,SNCT3,,2024-06-21T13:05:36.000Z,2024-06-21T13:18:36.000Z,1.1,57.0,0.3,8.0,RW,9990,풀컨테이너선,2024-06-21T12:00:00.000Z,2024-06-21T12:00:00.000Z,NPPS,SNCT3,성I,,쥬피터1호_REVERENCE_2024-06-21_target_199_aisData.csv,쥬피터1호_REVERENCE_2024-06-21_tug_199_aisData.csv
진,"O,진",JINHUA 11,,PAL,41,,2024-06-21T14:06:37.000Z,2024-06-21T14:35:37.000Z,1.6,14.0,3.2,24.0,KB,1753,일반화물선,2024-06-21T12:30:00.000Z,2024-06-21T10:00:00.000Z,PAL,41,O진,,뉴약진호_JINHUA 11_2024-06-21_target_200_aisData.csv,뉴약진호_JINHUA 11_2024-06-21_tug_200_aisData.csv
N,"A,N",ARAFURA LILY,,PAL,NIPT6,,2024-06-21T15:17:37.000Z,2024-06-21T15:27:37.000Z,0.5,2.0,1.5,5.0,JH,12335,국제카페리,2024-06-21T14:15:00.000Z,2024-06-21T14:00:00.000Z,PAL,NIPT6,RN,,뉴엔젤호_ARAFURA LILY_2024-06-21_target_201_aisData.csv,뉴엔젤호_ARAFURA LILY_2024-06-21_tug_201_aisData.csv
T,"G,T",ARDMORE EXPLORER,연안부두정계지,SKI 3,W10,연안부두정계지,2024-06-21T17:37:37.000Z,2024-06-21T18:30:37.000Z,10.6,53.0,1.6,48.0,GH,29993,케미칼 운반선,2024-06-21T18:00:00.000Z,2024-06-21T18:00:00.000Z,SKI 3,W10,GT,,대창호_ARDMORE EXPLORER_2024-06-21_target_202_aisData.csv,대창호_ARDMORE EXPLORER_2024-06-21_tug_202_aisData.csv
I,I,A ROKKO,,HJIT2,NPPS,,2024-06-21T18:43:36.000Z,2024-06-21T19:02:36.000Z,5.5,441.0,0.0,14.0,KK,9562,풀컨테이너선,2024-06-21T19:00:00.000Z,2024-06-21T12:00:00.000Z,NPPS,HJIT2,KL,,쥬피터1호_A ROKKO_2024-06-21_target_203_aisData.csv,쥬피터1호_A ROKKO_2024-06-21_tug_203_aisData.csv
미,"W,미",OCEAN GAS,연안부두정계지,PAL,SKI 1,,2024-06-21T20:33:36.000Z,2024-06-21T21:23:36.000Z,3.8,21.0,4.3,45.0,,3678,LPG 운반선,2024-06-21T20:00:00.000Z,2024-06-21T20:30:00.000Z,PAL,SKI 1,W미,,뉴월미호_OCEAN GAS_2024-06-21_target_204_aisData.csv,뉴월미호_OCEAN GAS_2024-06-21_tug_204_aisData.csv
I,I,STARSHIP AQUILA,,SNCT2,NPPS,,2024-06-21T22:29:36.000Z,2024-06-21T22:47:36.000Z,1.6,254.0,0.0,13.0,,18064,풀컨테이너선,2024-06-21T22:30:00.000Z,2024-06-21T06:00:00.000Z,NPPS,SNCT2,L,,쥬피터1호_STARSHIP AQUILA_2024-06-21_target_205_aisData.csv,쥬피터1호_STARSHIP AQUILA_2024-06-21_tug_205_aisData.csv
T,"T,O",ARAFURA LILY,연안부두정계지,NIPT6,PAL,연안부두정계지,2024-06-21T22:33:37.000Z,2024-06-21T23:07:37.000Z,6.7,28.0,2.8,29.0,UM,12335,국제카페리,2024-06-21T23:00:00.000Z,2024-06-21T14:00:00.000Z,PAL,NIPT6,RN,,대창호_ARAFURA LILY_2024-06-21_target_206_aisData.csv,대창호_ARAFURA LILY_2024-06-21_tug_206_aisData.csv
I,"K,I",KMTC HAIPHONG,,NPPS,SNCT2,,2024-06-21T23:24:36.000Z,2024-06-21T23:46:37.000Z,8.9,507.0,0.8,17.0,SC,18370,풀컨테이너선,2024-06-21T23:00:00.000Z,2024-06-21T22:00:00.000Z,NPPS,SNCT2,LI,,쥬피터1호_KMTC HAIPHONG_2024-06-21_target_207_aisData.csv,쥬피터1호_KMTC HAIPHONG_2024-06-21_tug_207_aisData.csv
M,"M,R",MORNING STAR,,PAL,RHC,연안부두정계지,2024-06-22T04:13:37.000Z,2024-06-22T05:01:37.000Z,5.8,31.0,5.2,43.0,,6117,시멘트운반선,2024-06-22T04:00:00.000Z,2024-06-22T04:00:00.000Z,PAL,RHC,MR,,뉴마스호_MORNING STAR_2024-06-22_target_208_aisData.csv,뉴마스호_MORNING STAR_2024-06-22_tug_208_aisData.csv
H,"J,H,A,V,명",WESTERN HIGHWAY,연안부두정계지,PAL,53,,2024-06-22T04:22:37.000Z,2024-06-22T04:43:37.000Z,2.6,12.0,2.6,13.0,KB,39422,자동차운반선,2024-06-22T04:00:00.000Z,2024-06-22T04:00:00.000Z,PAL,53,JHAV명,KB,한창1호_WESTERN HIGHWAY_2024-06-22_target_209_aisData.csv,한창1호_WESTERN HIGHWAY_2024-06-22_tug_209_aisData.csv
H,"H,F3,B,V,명",BCH BRAMBERG,연안부두정계지,PAL,20,연안부두정계지,2024-06-22T06:45:36.000Z,2024-06-22T07:33:37.000Z,3.7,18.0,4.5,43.0,CH,36303,산물선(벌크선),2024-06-22T06:00:00.000Z,2024-06-22T06:00:00.000Z,PAL,20,HF3BV명,CH,한창1호_BCH BRAMBERG_2024-06-22_target_210_aisData.csv,한창1호_BCH BRAMBERG_2024-06-22_tug_210_aisData.csv
I,I,MAERSK NINGBO,,HJIT2,NPPS,,2024-06-22T08:46:37.000Z,2024-06-22T09:37:37.000Z,3.5,106.0,0.0,46.0,US,26404,풀컨테이너선,2024-06-22T09:00:00.000Z,2024-06-22T07:00:00.000Z,HJIT2,NPPS,I,KK,쥬피터1호_MAERSK NINGBO_2024-06-22_target_211_aisData.csv,쥬피터1호_MAERSK NINGBO_2024-06-22_tug_211_aisData.csv
미,"E,미",ES ROSE,,PAL,KAL,,2024-06-22T11:51:36.000Z,2024-06-22T12:35:36.000Z,0.2,4.0,4.2,39.0,,5589,석유제품 운반선,2024-06-22T11:30:00.000Z,2024-06-22T10:30:00.000Z,PAL,KAL,E미,,뉴월미호_ES ROSE_2024-06-22_target_212_aisData.csv,뉴월미호_ES ROSE_2024-06-22_tug_212_aisData.csv
M,M,STARSHIP DRACO,연안부두정계지,ICT1,PAL,연안부두정계지,2024-06-22T10:09:37.000Z,2024-06-22T10:41:37.000Z,4.9,16.0,2.9,27.0,,18354,풀컨테이너선,2024-06-22T10:30:00.000Z,2024-06-22T12:00:00.000Z,ICT1,PAL,M,,뉴마스호_STARSHIP DRACO_2024-06-22_target_213_aisData.csv,뉴마스호_STARSHIP DRACO_2024-06-22_tug_213_aisData.csv
T,T,LINA,,SAMPYO,PAL,연안부두정계지,2024-06-22T15:17:37.000Z,2024-06-22T16:07:37.000Z,12.3,59.0,3.3,45.0,,6983,산물선(벌크선),2024-06-22T16:00:00.000Z,2024-06-22T16:00:00.000Z,SAMPYO,PAL,T,,대창호_LINA_2024-06-22_target_214_aisData.csv,대창호_LINA_2024-06-22_tug_214_aisData.csv
Z,Z,XIN XIANG XUE LAN,연안부두정계지,PAL,NIPT5,연안부두정계지,2024-06-22T11:05:37.000Z,2024-06-22T11:15:37.000Z,9.7,39.0,0.9,5.0,RW,32729,국제카페리,2024-06-22T10:30:00.000Z,2024-06-22T10:30:00.000Z,PAL,NIPT5,Z,,대성호_XIN XIANG XUE LAN_2024-06-22_target_215_aisData.csv,대성호_XIN XIANG XUE LAN_2024-06-22_tug_215_aisData.csv
미,"W,미",MS GRACE,,PAL,N-HOB,연안부두정계지,2024-06-22T13:39:36.000Z,2024-06-22T14:24:36.000Z,5.4,24.0,4.1,40.0,BC,4060,석유제품 운반선,2024-06-22T12:30:00.000Z,2024-06-22T11:30:00.000Z,PAL,N-HOB,W미,,뉴월미호_MS GRACE_2024-06-22_target_216_aisData.csv,뉴월미호_MS GRACE_2024-06-22_tug_216_aisData.csv
T,"R,T",MOUNT RAINIER,연안부두정계지,N22,DONG,,2024-06-22T14:11:37.000Z,2024-06-22T14:33:37.000Z,18.4,86.0,2.0,17.0,JJ,19887,일반화물선,2024-06-22T14:00:00.000Z,2024-06-22T14:00:00.000Z,N22,DONG,RT,,대창호_MOUNT RAINIER_2024-06-22_target_217_aisData.csv,대창호_MOUNT RAINIER_2024-06-22_tug_217_aisData.csv
N,"성,N",KOREA VISION,,E1GT,BUKJ2,,2024-06-22T15:58:37.000Z,2024-06-22T16:16:37.000Z,20.9,601.0,0.0,13.0,OS,3872,LPG 운반선,2024-06-22T16:00:00.000Z,2024-06-22T07:00:00.000Z,BUKJ2,E1GT,IK,SC,뉴엔젤호_KOREA VISION_2024-06-22_target_218_aisData.csv,뉴엔젤호_KOREA VISION_2024-06-22_tug_218_aisData.csv
M,"M,R",KMTC KEELUNG,연안부두정계지,PAL,ICT1,연안부두정계지,2024-06-22T23:59:37.000Z,2024-06-23T01:01:37.000Z,5.4,18.0,4.7,57.0,KI,16731,풀컨테이너선,2024-06-22T23:30:00.000Z,2024-06-22T23:00:00.000Z,PAL,ICT1,TR,,뉴마스호_KMTC KEELUNG_2024-06-22_target_219_aisData.csv,뉴마스호_KMTC KEELUNG_2024-06-22_tug_219_aisData.csv
동,"해,명,동",WESTERN HIGHWAY,내항정계지,53,DONG,내항정계지,2024-06-23T00:40:37.000Z,2024-06-23T01:23:37.000Z,1.5,10.0,2.0,38.0,BJ,39422,자동차운반선,2024-06-23T01:00:00.000Z,2024-06-23T01:00:00.000Z,53,DONG,해명동,BJ,동보1호_WESTERN HIGHWAY_2024-06-23_target_220_aisData.csv,동보1호_WESTERN HIGHWAY_2024-06-23_tug_220_aisData.csv
I,"K,I",SAWASDEE DENEB,,SNCT2,NPPS,송도정계지,2024-06-23T02:56:37.000Z,2024-06-23T03:07:37.000Z,0.0,0.0,0.0,0.0,,18072,풀컨테이너선,2024-06-23T03:00:00.000Z,2024-06-23T03:00:00.000Z,SNCT2,NPPS,KI,,쥬피터1호_SAWASDEE DENEB_2024-06-23_target_221_aisData.csv,쥬피터1호_SAWASDEE DENEB_2024-06-23_tug_221_aisData.csv
M,"E,M",JA YANG,연안부두정계지,PAL,HIDC,연안부두정계지,2024-06-23T05:30:37.000Z,2024-06-23T06:12:37.000Z,7.6,33.0,4.5,37.0,,4739,시멘트운반선,2024-06-23T05:00:00.000Z,2024-06-23T05:00:00.000Z,PAL,HIDC,EM,,뉴마스호_JA YANG_2024-06-23_target_222_aisData.csv,뉴마스호_JA YANG_2024-06-23_tug_222_aisData.csv
미,"미,Q",ES ROSE,,KAL,PAL,,2024-06-23T04:49:37.000Z,2024-06-23T05:44:37.000Z,10.0,42.0,2.3,50.0,,5589,석유제품 운반선,2024-06-23T05:30:00.000Z,2024-06-23T05:30:00.000Z,KAL,PAL,미Q,,뉴월미호_ES ROSE_2024-06-23_target_223_aisData.csv,뉴월미호_ES ROSE_2024-06-23_tug_223_aisData.csv
미,"W,미",MEGA PIONEER,,KIST,JAK,연안부두정계지,2024-06-23T06:19:37.000Z,2024-06-23T07:55:37.000Z,17.4,58.0,5.5,91.0,KB,3543,"Cargo, Reserved for future use",2024-06-23T07:00:00.000Z,2024-06-23T07:00:00.000Z,KIST,JAK,W미,KB,뉴월미호_MEGA PIONEER_2024-06-23_target_224_aisData.csv,뉴월미호_MEGA PIONEER_2024-06-23_tug_224_aisData.csv
N,"N,W",WOO CHAN,연안부두정계지,PAL,SOD1,,2024-06-23T06:06:38.000Z,2024-06-23T06:32:38.000Z,14.6,769.0,0.9,21.0,BJ,8539,케미칼 운반선,2024-06-23T04:30:00.000Z,2024-06-23T04:30:00.000Z,PAL,SOD1,NW,UM,뉴엔젤호_WOO CHAN_2024-06-23_target_225_aisData.csv,뉴엔젤호_WOO CHAN_2024-06-23_tug_225_aisData.csv
I,"성,I",YA LU JIANG,송도정계지,NPPS,SNCT2,연안부두정계지,2024-06-23T09:20:37.000Z,2024-06-23T09:39:37.000Z,22.5,124.0,0.1,14.0,BC,5250,세미(혼재)컨테이너선,2024-06-23T09:00:00.000Z,2024-06-23T09:00:00.000Z,NPPS,SNCT2,성I,,쥬피터1호_YA LU JIANG_2024-06-23_target_226_aisData.csv,쥬피터1호_YA LU JIANG_2024-06-23_tug_226_aisData.csv
I,"I,E",EVER CLEVER,연안부두정계지,PAL,ICT2,연안부두정계지,2024-06-23T13:07:38.000Z,2024-06-23T13:49:37.000Z,6.6,51.0,4.3,37.0,CH,18658,풀컨테이너선,2024-06-23T13:00:00.000Z,2024-06-23T13:00:00.000Z,PAL,ICT2,ME,,쥬피터1호_EVER CLEVER_2024-06-23_target_227_aisData.csv,쥬피터1호_EVER CLEVER_2024-06-23_tug_227_aisData.csv
T,T,KMTC KEELUNG,연안부두정계지,ICT1,PAL,,2024-06-23T14:33:38.000Z,2024-06-23T15:14:38.000Z,3.9,24.0,2.6,36.0,RW,16731,풀컨테이너선,2024-06-23T15:00:00.000Z,2024-06-23T17:00:00.000Z,ICT1,PAL,T,,대창호_KMTC KEELUNG_2024-06-23_target_228_aisData.csv,대창호_KMTC KEELUNG_2024-06-23_tug_228_aisData.csv
미,"미,W",DL AMBER,연안부두정계지,PAL,SKI 1,연안부두정계지,2024-06-23T15:40:37.000Z,2024-06-23T16:35:37.000Z,8.6,37.0,4.4,50.0,UM,7333,석유제품 운반선,2024-06-23T15:00:00.000Z,2024-06-23T14:30:00.000Z,PAL,SKI 1,미W,,뉴월미호_DL AMBER_2024-06-23_target_229_aisData.csv,뉴월미호_DL AMBER_2024-06-23_tug_229_aisData.csv
M,M,RESURGENCE,연안부두정계지,HJIT2,NPPS,송도정계지,2024-06-23T15:41:38.000Z,2024-06-23T15:51:38.000Z,24.2,147.0,0.0,5.0,KB,9443,풀컨테이너선,2024-06-23T21:00:00.000Z,2024-06-23T10:00:00.000Z,NPPS,HJIT2,K성,,뉴마스호_RESURGENCE_2024-06-23_target_230_aisData.csv,뉴마스호_RESURGENCE_2024-06-23_tug_230_aisData.csv
M,"M,성",YA LU JIANG,송도정계지,SNCT2,NPPS,,2024-06-23T19:59:38.000Z,2024-06-23T20:09:38.000Z,2.6,11.0,3.3,33.0,US,5250,세미(혼재)컨테이너선,2024-06-23T20:00:00.000Z,2024-06-23T09:00:00.000Z,NPPS,SNCT2,성I,,뉴마스호_YA LU JIANG_2024-06-23_target_231_aisData.csv,뉴마스호_YA LU JIANG_2024-06-23_tug_231_aisData.csv
동,"해,명,동",YOUNG SHIN,내항정계지,40,PAL,내항정계지,2024-06-23T20:40:38.000Z,2024-06-23T21:29:38.000Z,2.6,14.0,3.1,44.0,JH,47677,자동차운반선,2024-06-23T21:00:00.000Z,2024-06-23T21:30:00.000Z,40,PAL,해명동,,동보1호_YOUNG SHIN_2024-06-23_target_232_aisData.csv,동보1호_YOUNG SHIN_2024-06-23_tug_232_aisData.csv
N,N,WOO CHAN,북항임시정계지,SOD1,PAL,연안부두정계지,2024-06-24T00:08:38.000Z,2024-06-24T00:53:38.000Z,10.8,504.0,1.4,40.0,,8539,케미칼 운반선,2024-06-24T00:30:00.000Z,2024-06-24T00:30:00.000Z,SOD1,PAL,N,,뉴엔젤호_WOO CHAN_2024-06-24_target_233_aisData.csv,뉴엔젤호_WOO CHAN_2024-06-24_tug_233_aisData.csv
동,"해,명,동",PEGASUS ACE,,53,DONG,내항정계지,2024-06-24T00:46:38.000Z,2024-06-24T01:27:38.000Z,0.0,1.0,2.2,36.0,UM,36893,자동차운반선,2024-06-24T01:00:00.000Z,2024-06-24T01:00:00.000Z,53,DONG,해명동,UM,동보1호_PEGASUS ACE_2024-06-24_target_234_aisData.csv,동보1호_PEGASUS ACE_2024-06-24_tug_234_aisData.csv
T,"R,T,동,진",GOLDEN RESOLUTION,연안부두정계지,PAL,65,연안부두정계지,2024-06-24T02:30:38.000Z,2024-06-24T03:09:38.000Z,2.7,19.0,4.2,34.0,RW,8045,케미칼 운반선,2024-06-24T01:30:00.000Z,2024-06-24T01:30:00.000Z,PAL,65,RT동진,RW,대창호_GOLDEN RESOLUTION_2024-06-24_target_235_aisData.csv,대창호_GOLDEN RESOLUTION_2024-06-24_tug_235_aisData.csv
T,"E,T",SJ HOPE,연안부두정계지,PAL,SOD1,연안부두정계지,2024-06-24T05:30:38.000Z,2024-06-24T06:11:38.000Z,2.9,19.0,3.1,36.0,UM,5025,석유제품 운반선,2024-06-24T05:00:00.000Z,2024-06-24T05:00:00.000Z,PAL,SOD1,ET,UM,대창호_SJ HOPE_2024-06-24_target_236_aisData.csv,대창호_SJ HOPE_2024-06-24_tug_236_aisData.csv
H,"B,V,H,V,명,동",STAR EMERALD,연안부두정계지,E1,72,연안부두정계지,2024-06-24T06:49:38.000Z,2024-06-24T07:01:38.000Z,3.0,16.0,2.8,22.0,KK,44114,산물선(벌크선),2024-06-24T05:30:00.000Z,2024-06-24T05:30:00.000Z,E1,72,BVHV명동,KK,한창1호_STAR EMERALD_2024-06-24_target_237_aisData.csv,한창1호_STAR EMERALD_2024-06-24_tug_237_aisData.csv
N,"N,S",MS GRACE,연안부두정계지,PAL,KAL,,2024-06-24T06:30:38.000Z,2024-06-24T07:07:38.000Z,3.4,18.0,3.0,32.0,US,4060,석유제품 운반선,2024-06-24T05:30:00.000Z,2024-06-24T05:30:00.000Z,PAL,KAL,NS,US,뉴엔젤호_MS GRACE_2024-06-24_target_238_aisData.csv,뉴엔젤호_MS GRACE_2024-06-24_tug_238_aisData.csv
M,"L,M",ESTIMA,송도정계지,NPPS,HJIT1,송도정계지,2024-06-24T07:00:38.000Z,2024-06-24T07:43:38.000Z,3.8,21.0,3.7,38.0,NS,9587,풀컨테이너선,2024-06-24T06:30:00.000Z,2024-06-24T06:30:00.000Z,NPPS,HJIT1,LM,NS,뉴마스호_ESTIMA_2024-06-24_target_239_aisData.csv,뉴마스호_ESTIMA_2024-06-24_tug_239_aisData.csv
N,"N,S",POLARIS,,SKI 4,PAL,,2024-06-24T07:17:38.000Z,2024-06-24T07:42:38.000Z,0.2,2.0,0.1,13.0,US,11290,원유운반선,2024-06-24T07:30:00.000Z,2024-06-24T07:30:00.000Z,SKI 4,PAL,NS,US,뉴엔젤호_POLARIS_2024-06-24_target_240_aisData.csv,뉴엔젤호_POLARIS_2024-06-24_tug_240_aisData.csv
N,"N,Q",WOO HYUK,연안부두정계지,PAL,SKI 2,,2024-06-24T15:35:38.000Z,2024-06-24T15:49:38.000Z,4.9,27.0,0.4,8.0,,5025,석유제품 운반선,2024-06-24T15:00:00.000Z,2024-06-24T15:00:00.000Z,PAL,SKI 2,NQ,,뉴엔젤호_WOO HYUK_2024-06-24_target_241_aisData.csv,뉴엔젤호_WOO HYUK_2024-06-24_tug_241_aisData.csv
M,"M,성",A ROKKO,,NPPS,HJIT2,,2024-06-24T13:28:38.000Z,2024-06-24T13:48:38.000Z,0.1,2.0,0.1,15.0,BC,9562,풀컨테이너선,2024-06-24T13:00:00.000Z,2024-06-24T13:00:00.000Z,NPPS,HJIT2,M성,,뉴마스호_A ROKKO_2024-06-24_target_242_aisData.csv,뉴마스호_A ROKKO_2024-06-24_tug_242_aisData.csv
H,"H,V,B,비,명",RARAKA,연안부두정계지,PAL,73,연안부두정계지,2024-06-24T15:56:38.000Z,2024-06-24T16:17:38.000Z,2.7,21.0,2.8,16.0,CG,41394,산물선(벌크선),2024-06-24T15:00:00.000Z,2024-06-24T15:00:00.000Z,PAL,73,HVB비명,CG,한창1호_RARAKA_2024-06-24_target_243_aisData.csv,한창1호_RARAKA_2024-06-24_tug_243_aisData.csv
미,"미,O",ES ROSE,북항임시정계지,PAL,N-HOB,연안부두정계지,2024-06-24T15:01:37.000Z,2024-06-24T15:55:37.000Z,9.2,41.0,2.6,49.0,,5589,석유제품 운반선,2024-06-24T15:00:00.000Z,2024-06-24T11:00:00.000Z,PAL,N-HOB,미O,,뉴월미호_ES ROSE_2024-06-24_target_244_aisData.csv,뉴월미호_ES ROSE_2024-06-24_tug_244_aisData.csv
M,"M,K",AN DONG 68,송도정계지,SNCT3,NPPS,송도정계지,2024-06-24T15:47:38.000Z,2024-06-24T16:09:38.000Z,15.9,118.0,0.9,17.0,GJ,3988,세미(혼재)컨테이너선,2024-06-24T16:00:00.000Z,2024-06-24T07:00:00.000Z,NPPS,SNCT3,K성,SC,뉴마스호_AN DONG 68_2024-06-24_target_245_aisData.csv,뉴마스호_AN DONG 68_2024-06-24_tug_245_aisData.csv
N,"S,N",DIMA,,N45,PAL,연안부두정계지,2024-06-24T16:21:38.000Z,2024-06-24T16:32:38.000Z,4.0,34.0,1.3,6.0,GH,4860,일반화물선,2024-06-24T16:00:00.000Z,2024-06-24T17:00:00.000Z,N45,PAL,WN,,뉴엔젤호_DIMA_2024-06-24_target_246_aisData.csv,뉴엔젤호_DIMA_2024-06-24_tug_246_aisData.csv
T,T,MORNING STAR,연안부두정계지,RHC,PAL,연안부두정계지,2024-06-24T18:46:38.000Z,2024-06-24T19:30:38.000Z,4.7,23.0,4.0,39.0,,6117,시멘트운반선,2024-06-24T19:30:00.000Z,2024-06-24T18:00:00.000Z,RHC,PAL,T,,대창호_MORNING STAR_2024-06-24_target_247_aisData.csv,대창호_MORNING STAR_2024-06-24_tug_247_aisData.csv
진,진,JINHUA 11,,41,PAL,내항정계지,2024-06-24T18:38:39.000Z,2024-06-24T18:58:39.000Z,2.6,19.0,0.6,15.0,CR,1753,일반화물선,2024-06-24T19:00:00.000Z,2024-06-24T19:00:00.000Z,41,PAL,진,CR,뉴약진호_JINHUA 11_2024-06-24_target_248_aisData.csv,뉴약진호_JINHUA 11_2024-06-24_tug_248_aisData.csv
M,"L,M",KMTC INCHEON,송도정계지,NPPS,SNCT1,,2024-06-24T23:34:38.000Z,2024-06-25T00:01:38.000Z,0.9,28.0,1.8,22.0,JU,17933,풀컨테이너선,2024-06-24T23:10:00.000Z,2024-06-24T23:30:00.000Z,NPPS,SNCT1,LI,,뉴마스호_KMTC INCHEON_2024-06-24_target_249_aisData.csv,뉴마스호_KMTC INCHEON_2024-06-24_tug_249_aisData.csv
미,"미,Q",VICTORY STAR,연안부두정계지,PAL,E1CT,연안부두정계지,2024-06-25T00:57:38.000Z,2024-06-25T01:40:38.000Z,6.1,25.0,4.1,38.0,KB,7406,풀컨테이너선,2024-06-25T00:30:00.000Z,2024-06-25T00:30:00.000Z,PAL,E1CT,미Q,KB,뉴월미호_VICTORY STAR_2024-06-25_target_250_aisData.csv,뉴월미호_VICTORY STAR_2024-06-25_tug_250_aisData.csv
M,"L,M",CONSISTENCE,,NPPS,HJIT2,송도정계지,2024-06-25T01:46:39.000Z,2024-06-25T02:30:38.000Z,2.9,131.0,5.4,39.0,YM,9972,풀컨테이너선,2024-06-25T01:30:00.000Z,2024-06-25T01:30:00.000Z,NPPS,HJIT2,LM,YM,뉴마스호_CONSISTENCE_2024-06-25_target_251_aisData.csv,뉴마스호_CONSISTENCE_2024-06-25_tug_251_aisData.csv
진,"해,진",GOLDEN RESOLUTION,내항정계지,65,PAL,내항정계지,2024-06-25T03:39:39.000Z,2024-06-25T04:39:39.000Z,0.6,4.0,3.1,55.0,GJ,8045,케미칼 운반선,2024-06-25T04:00:00.000Z,2024-06-25T04:00:00.000Z,65,PAL,해진,GJ,뉴약진호_GOLDEN RESOLUTION_2024-06-25_target_252_aisData.csv,뉴약진호_GOLDEN RESOLUTION_2024-06-25_tug_252_aisData.csv
미,"미,W",BEI JIANG,연안부두정계지,PAL,KICT,연안부두정계지,2024-06-25T05:58:38.000Z,2024-06-25T06:35:38.000Z,22.9,79.0,3.9,32.0,HY,5250,일반화물선,2024-06-25T05:30:00.000Z,2024-06-25T05:30:00.000Z,PAL,KICT,미W,HY,뉴월미호_BEI JIANG_2024-06-25_target_253_aisData.csv,뉴월미호_BEI JIANG_2024-06-25_tug_253_aisData.csv
M,"M,K",BEI HAI,,NPPS,HJIT3,,2024-06-25T07:23:39.000Z,2024-06-25T07:49:39.000Z,0.1,2.0,2.9,21.0,US,5272,세미(혼재)컨테이너선,2024-06-25T07:00:00.000Z,2024-06-25T07:00:00.000Z,NPPS,HJIT3,MK,US,뉴마스호_BEI HAI_2024-06-25_target_254_aisData.csv,뉴마스호_BEI HAI_2024-06-25_tug_254_aisData.csv
Z,Z,VICTORY STAR,연안부두정계지,E1CT,PAL,,2024-06-25T06:31:38.000Z,2024-06-25T06:42:38.000Z,7.7,50.0,1.1,6.0,KK,7406,풀컨테이너선,2024-06-25T08:00:00.000Z,2024-06-25T00:30:00.000Z,PAL,E1CT,미Q,KB,대성호_VICTORY STAR_2024-06-25_target_255_aisData.csv,대성호_VICTORY STAR_2024-06-25_tug_255_aisData.csv
Z,"F1,Z",TS TACOMA,,PAL,ICT1,연안부두정계지,2024-06-25T08:32:38.000Z,2024-06-25T09:19:38.000Z,9.8,50.0,3.0,42.0,KN,29658,풀컨테이너선,2024-06-25T08:00:00.000Z,2024-06-25T08:00:00.000Z,PAL,ICT1,F1Z,KN,대성호_TS TACOMA_2024-06-25_target_256_aisData.csv,대성호_TS TACOMA_2024-06-25_tug_256_aisData.csv
N,"W,N",KS HONOR,연안부두정계지,PAL,SKI 1,연안부두정계지,2024-06-25T09:08:39.000Z,2024-06-25T09:59:39.000Z,28.9,581.0,4.9,46.0,,7057,석유제품 운반선,2024-06-25T08:30:00.000Z,2024-06-25T08:30:00.000Z,PAL,SKI 1,WN,,뉴엔젤호_KS HONOR_2024-06-25_target_257_aisData.csv,뉴엔젤호_KS HONOR_2024-06-25_tug_257_aisData.csv
M,M,STARSHIP LEO,송도정계지,SNCT2,NPPS,,2024-06-25T07:16:39.000Z,2024-06-25T07:27:39.000Z,4.9,17.0,1.5,6.0,,20920,풀컨테이너선,2024-06-25T18:00:00.000Z,2024-06-25T07:00:00.000Z,NPPS,SNCT2,L,,뉴마스호_STARSHIP LEO_2024-06-25_target_258_aisData.csv,뉴마스호_STARSHIP LEO_2024-06-25_tug_258_aisData.csv
N,"S,N",WOO HYUK,연안부두정계지,SKI 2,PAL,연안부두정계지,2024-06-25T04:39:39.000Z,2024-06-25T05:08:39.000Z,9.8,120.0,2.6,24.0,,5025,석유제품 운반선,2024-06-25T05:00:00.000Z,2024-06-25T05:00:00.000Z,SKI 4,PAL,SN,,뉴엔젤호_WOO HYUK_2024-06-25_target_259_aisData.csv,뉴엔젤호_WOO HYUK_2024-06-25_tug_259_aisData.csv
T,T,XIN XIANG XUE LAN,연안부두정계지,PAL,NIPT5,연안부두정계지,2024-06-25T11:12:39.000Z,2024-06-25T11:54:39.000Z,6.9,39.0,3.8,37.0,BJ,32729,국제카페리,2024-06-25T10:30:00.000Z,2024-06-25T10:30:00.000Z,PAL,NIPT5,T,,대창호_XIN XIANG XUE LAN_2024-06-25_target_260_aisData.csv,대창호_XIN XIANG XUE LAN_2024-06-25_tug_260_aisData.csv
H,H,EVER OPTIMA,연안부두정계지,ICT2,PAL,연안부두정계지,2024-06-25T10:34:38.000Z,2024-06-25T11:17:38.000Z,5.0,17.0,3.2,38.0,CG,27025,풀컨테이너선,2024-06-25T11:00:00.000Z,2024-06-25T15:00:00.000Z,ICT2,PAL,H,,한창1호_EVER OPTIMA_2024-06-25_target_261_aisData.csv,한창1호_EVER OPTIMA_2024-06-25_tug_261_aisData.csv
진,"Q,S,해,진",GLOBAL STAR,내항정계지,PAL,44,,2024-06-25T17:49:39.000Z,2024-06-25T18:10:39.000Z,6.0,63.0,1.3,16.0,YM,4109,Unknown,2024-06-25T16:30:00.000Z,2024-06-25T16:00:00.000Z,PAL,44,QS해진,,뉴약진호_GLOBAL STAR_2024-06-25_target_262_aisData.csv,뉴약진호_GLOBAL STAR_2024-06-25_tug_262_aisData.csv
미,"미,미",TY BONNY,연안부두정계지,LEN,30,,2024-06-25T17:20:38.000Z,2024-06-25T18:31:38.000Z,1.8,19.0,3.7,66.0,CR,2615,일반화물선,2024-06-25T17:30:00.000Z,2024-06-25T18:00:00.000Z,LE,30,N진,,뉴월미호_TY BONNY_2024-06-25_target_263_aisData.csv,뉴월미호_TY BONNY_2024-06-25_tug_263_aisData.csv
명,"비,명,동",RIGEL LEADER,내항정계지,52,DONG,내항정계지,2024-06-25T19:04:39.000Z,2024-06-26T00:05:39.000Z,3.0,13.0,0.9,41.0,GH,59337,자동차운반선,2024-06-25T19:00:00.000Z,2024-06-25T18:30:00.000Z,52,DONG,비명해,,대명호_RIGEL LEADER_2024-06-25_target_264_aisData.csv,대명호_RIGEL LEADER_2024-06-25_tug_264_aisData.csv
T,"R,T",TS XIAMEN,연안부두정계지,PAL,ICT2,연안부두정계지,2024-06-25T19:39:39.000Z,2024-06-25T20:27:39.000Z,5.7,26.0,4.2,43.0,GJ,18725,풀컨테이너선,2024-06-25T19:30:00.000Z,2024-06-25T19:30:00.000Z,PAL,ICT2,RT,,대창호_TS XIAMEN_2024-06-25_target_265_aisData.csv,대창호_TS XIAMEN_2024-06-25_tug_265_aisData.csv
Z,"Z,O",ARAFURA LILY,연안부두정계지,NIPT6,PAL,연안부두정계지,2024-06-25T16:21:39.000Z,2024-06-25T17:00:39.000Z,7.5,38.0,4.4,34.0,KB,12335,국제카페리,2024-06-25T17:00:00.000Z,2024-06-25T06:30:00.000Z,PAL,NIPT6,AV,GJ,대성호_ARAFURA LILY_2024-06-25_target_266_aisData.csv,대성호_ARAFURA LILY_2024-06-25_tug_266_aisData.csv
진,"S,진",XI YUAN,,PAL,23,내항정계지,2024-06-25T19:09:39.000Z,2024-06-25T19:27:39.000Z,4.7,56.0,1.8,13.0,KB,1998,일반화물선,2024-06-25T18:00:00.000Z,2024-06-25T18:00:00.000Z,PAL,23,S진,,뉴약진호_XI YUAN_2024-06-25_target_267_aisData.csv,뉴약진호_XI YUAN_2024-06-25_tug_267_aisData.csv
M,"M,K",BEI HAI,송도정계지,HJIT3,NPPS,,2024-06-25T20:43:39.000Z,2024-06-25T21:17:39.000Z,9.0,436.0,2.7,29.0,JU,5272,세미(혼재)컨테이너선,2024-06-25T21:00:00.000Z,2024-06-25T07:00:00.000Z,NPPS,HJIT3,MK,US,뉴마스호_BEI HAI_2024-06-25_target_268_aisData.csv,뉴마스호_BEI HAI_2024-06-25_tug_268_aisData.csv
N,"N,O",MS CLEAN,,PAL,SOD1,,2024-06-26T01:00:39.000Z,2024-06-26T04:53:39.000Z,2.5,12.0,3.6,228.0,,3773,석유제품 운반선,2024-06-26T00:30:00.000Z,2024-06-26T00:30:00.000Z,PAL,SOD1,NO,,뉴엔젤호_MS CLEAN_2024-06-26_target_269_aisData.csv,뉴엔젤호_MS CLEAN_2024-06-26_tug_269_aisData.csv
진,진,TY BONNY,,30,LE,내항정계지,2024-06-26T02:17:39.000Z,2024-06-26T02:27:39.000Z,0.1,1.0,3.5,34.0,CR,2615,일반화물선,2024-06-26T02:00:00.000Z,2024-06-26T02:00:00.000Z,30,LE,진,CR,뉴약진호_TY BONNY_2024-06-26_target_270_aisData.csv,뉴약진호_TY BONNY_2024-06-26_tug_270_aisData.csv
명,"A,F3,B,비,명",MORNING COURIER,내항정계지,PAL,53,내항정계지,2024-06-26T05:05:39.000Z,2024-06-26T05:34:39.000Z,2.6,13.0,1.2,24.0,CN,57692,자동차운반선,2024-06-26T03:30:00.000Z,2024-06-26T03:30:00.000Z,PAL,53,AF3B비명,CN,대명호_MORNING COURIER_2024-06-26_target_271_aisData.csv,대명호_MORNING COURIER_2024-06-26_tug_271_aisData.csv
N,"N,Q",DS PROSPERITY 7,,PAL,N15,,2024-06-26T04:52:39.000Z,2024-06-26T05:32:39.000Z,2.4,8.0,5.8,35.0,US,7167,일반화물선,2024-06-26T04:00:00.000Z,2024-06-26T04:00:00.000Z,PAL,N15,NQ,US,뉴엔젤호_DS PROSPERITY 7_2024-06-26_target_272_aisData.csv,뉴엔젤호_DS PROSPERITY 7_2024-06-26_tug_272_aisData.csv
M,"L,M",LECANGS DOLPHIN,,NPPS,SNCT2,,2024-06-26T06:40:39.000Z,2024-06-26T07:04:39.000Z,5.7,109.0,0.2,9.0,KN,18680,풀컨테이너선,2024-06-26T06:00:00.000Z,2024-06-26T06:00:00.000Z,NPPS,SNCT2,LM,KN,뉴마스호_LECANGS DOLPHIN_2024-06-26_target_273_aisData.csv,뉴마스호_LECANGS DOLPHIN_2024-06-26_tug_273_aisData.csv
미,"미,S",SKY VICTORIA,연안부두정계지,PAL,E1CT,연안부두정계지,2024-06-26T07:53:38.000Z,2024-06-26T08:36:38.000Z,5.7,23.0,4.2,38.0,,9592,풀컨테이너선,2024-06-26T07:00:00.000Z,2024-06-26T07:00:00.000Z,PAL,E1CT,미S,,뉴월미호_SKY VICTORIA_2024-06-26_target_274_aisData.csv,뉴월미호_SKY VICTORIA_2024-06-26_tug_274_aisData.csv
Z,"Z,G",MORNING VICTORY,연안부두정계지,PAL,RHC,연안부두정계지,2024-06-26T07:28:39.000Z,2024-06-26T08:08:39.000Z,7.0,27.0,4.6,35.0,,5222,시멘트운반선,2024-06-26T07:00:00.000Z,2024-06-26T07:00:00.000Z,PAL,RHC,ZG,,대성호_MORNING VICTORY_2024-06-26_target_275_aisData.csv,대성호_MORNING VICTORY_2024-06-26_tug_275_aisData.csv
진,"W,진",DORIS,내항정계지,PAL,41,내항정계지,2024-06-26T09:00:39.000Z,2024-06-26T09:21:39.000Z,1.8,13.0,3.2,23.0,YM,1941,일반화물선,2024-06-26T07:00:00.000Z,2024-06-26T07:00:00.000Z,PAL,41,W진,YM,뉴약진호_DORIS_2024-06-26_target_276_aisData.csv,뉴약진호_DORIS_2024-06-26_tug_276_aisData.csv
H,"H,L",XIN QING DAO,,NPPS,SNCT1,,2024-06-26T08:27:39.000Z,2024-06-26T08:37:39.000Z,18.9,676.0,0.0,5.0,BJ,66433,풀컨테이너선,2024-06-26T08:00:00.000Z,2024-06-26T08:00:00.000Z,NPPS,SNCT1,HL,BJ,한창1호_XIN QING DAO_2024-06-26_target_277_aisData.csv,한창1호_XIN QING DAO_2024-06-26_tug_277_aisData.csv
N,"N,Q",OCEAN GAS,,PAL,SKI 1,,2024-06-26T17:04:40.000Z,2024-06-26T17:44:40.000Z,5.4,258.0,2.9,35.0,,3678,LPG 운반선,2024-06-26T16:30:00.000Z,2024-06-26T16:30:00.000Z,PAL,SKI 1,NQ,,뉴엔젤호_OCEAN GAS_2024-06-26_target_278_aisData.csv,뉴엔젤호_OCEAN GAS_2024-06-26_tug_278_aisData.csv
N,"S,N",DL RUBY,,SKI 2,PAL,,2024-06-26T17:40:40.000Z,2024-06-26T18:06:40.000Z,0.0,2.0,2.0,21.0,,6716,석유제품 운반선,2024-06-26T18:00:00.000Z,2024-06-26T05:00:00.000Z,PAL,SKI 2,OW,,뉴엔젤호_DL RUBY_2024-06-26_target_279_aisData.csv,뉴엔젤호_DL RUBY_2024-06-26_tug_279_aisData.csv
N,"E,N",KS HONOR,연안부두정계지,SKI 1,PAL,,2024-06-26T12:42:39.000Z,2024-06-26T12:52:40.000Z,5.3,22.0,3.3,31.0,,7057,석유제품 운반선,2024-06-26T12:30:00.000Z,2024-06-26T12:00:00.000Z,SKI 1,PAL,EN,,뉴엔젤호_KS HONOR_2024-06-26_target_280_aisData.csv,뉴엔젤호_KS HONOR_2024-06-26_tug_280_aisData.csv
명,"비,명",STAR EMERALD,내항정계지,72,51,내항정계지,2024-06-26T09:40:39.000Z,2024-06-26T10:50:39.000Z,0.5,5.0,3.8,65.0,GH,44114,산물선(벌크선),2024-06-26T10:00:00.000Z,2024-06-26T10:00:00.000Z,72,51,비명,,대명호_STAR EMERALD_2024-06-26_target_281_aisData.csv,대명호_STAR EMERALD_2024-06-26_tug_281_aisData.csv
미,미,SKY VICTORIA,연안부두정계지,E1CT,PAL,연안부두정계지,2024-06-26T15:45:39.000Z,2024-06-26T16:15:39.000Z,6.6,24.0,3.2,25.0,,9592,풀컨테이너선,2024-06-26T16:00:00.000Z,2024-06-26T07:00:00.000Z,PAL,E1CT,미S,,뉴월미호_SKY VICTORIA_2024-06-26_target_282_aisData.csv,뉴월미호_SKY VICTORIA_2024-06-26_tug_282_aisData.csv
미,"W,미",FC GRACE,연안부두정계지,E5,SOD1,연안부두정계지,2024-06-26T19:28:39.000Z,2024-06-26T20:08:39.000Z,0.9,6.0,3.0,35.0,,4960,"Tanker, No additional information",2024-06-26T19:00:00.000Z,2024-06-26T19:00:00.000Z,E6,SOD1,W미,,뉴월미호_FC GRACE_2024-06-26_target_283_aisData.csv,뉴월미호_FC GRACE_2024-06-26_tug_283_aisData.csv
진,진,XI YUAN,내항정계지,23,PAL,내항정계지,2024-06-26T15:44:40.000Z,2024-06-26T15:57:40.000Z,3.7,23.0,0.5,8.0,US,1998,일반화물선,2024-06-26T16:00:00.000Z,2024-06-26T17:30:00.000Z,23,PAL,진,,뉴약진호_XI YUAN_2024-06-26_target_284_aisData.csv,뉴약진호_XI YUAN_2024-06-26_tug_284_aisData.csv
Z,"F2,Z",AAL HONG KONG,연안부두정계지,PAL,N12,연안부두정계지,2024-06-26T17:29:39.000Z,2024-06-26T18:22:39.000Z,8.1,33.0,3.9,48.0,KN,23930,일반화물선,2024-06-26T16:40:00.000Z,2024-06-26T17:00:00.000Z,PAL,N12,F2Z,,대성호_AAL HONG KONG_2024-06-26_target_285_aisData.csv,대성호_AAL HONG KONG_2024-06-26_tug_285_aisData.csv
N,"N,Q,E,N",BEI JIANG,,KICT,ICT1,연안부두정계지,2024-06-26T18:16:40.000Z,2024-06-26T19:02:40.000Z,13.6,393.0,5.9,41.0,CR,5250,일반화물선,2024-06-26T19:00:00.000Z,2024-06-26T19:00:00.000Z,KICT,ICT1,NGEN,,뉴엔젤호_BEI JIANG_2024-06-26_target_286_aisData.csv,뉴엔젤호_BEI JIANG_2024-06-26_tug_286_aisData.csv
명,"비,명,해",MORNING COURIER,내항정계지,53,DONG,,2024-06-26T16:44:39.000Z,2024-06-26T17:14:39.000Z,1.6,9.0,1.2,25.0,BJ,57692,자동차운반선,2024-06-26T17:00:00.000Z,2024-06-26T03:30:00.000Z,PAL,53,AF3B비명,CN,대명호_MORNING COURIER_2024-06-26_target_287_aisData.csv,대명호_MORNING COURIER_2024-06-26_tug_287_aisData.csv
명,"비,명,해",DREAM BEAUTY,,52,DONG,,2024-06-26T18:38:39.000Z,2024-06-26T19:29:39.000Z,0.0,0.0,0.1,20.0,HY,41662,자동차운반선,2024-06-26T19:00:00.000Z,2024-06-26T19:00:00.000Z,52,DONG,비명해,,대명호_DREAM BEAUTY_2024-06-26_target_288_aisData.csv,대명호_DREAM BEAUTY_2024-06-26_tug_288_aisData.csv
명,"C,V,F2,비,명",GMT ASTRO,,PAL,40,내항정계지,2024-06-26T22:57:39.000Z,2024-06-26T23:58:39.000Z,1.5,13.0,2.9,56.0,CN,48017,자동차운반선,2024-06-26T21:30:00.000Z,2024-06-26T22:00:00.000Z,PAL,40,CAF2비명,,대명호_GMT ASTRO_2024-06-26_target_289_aisData.csv,대명호_GMT ASTRO_2024-06-26_tug_289_aisData.csv
N,"N,S",HUA CHEN 26,,N44,PAL,,2024-06-27T02:01:40.000Z,2024-06-27T02:30:40.000Z,0.1,2.0,3.1,24.0,BC,10565,일반화물선,2024-06-27T02:00:00.000Z,2024-06-27T02:00:00.000Z,N44,PAL,NS,BC,뉴엔젤호_HUA CHEN 26_2024-06-27_target_290_aisData.csv,뉴엔젤호_HUA CHEN 26_2024-06-27_tug_290_aisData.csv
진,"해,진",GLOBAL STAR,,44,PAL,내항정계지,2024-06-27T02:48:40.000Z,2024-06-27T03:14:40.000Z,0.7,7.0,2.2,21.0,KU,4109,Unknown,2024-06-27T03:00:00.000Z,2024-06-27T03:00:00.000Z,44,PAL,해진,KU,뉴약진호_GLOBAL STAR_2024-06-27_target_291_aisData.csv,뉴약진호_GLOBAL STAR_2024-06-27_tug_291_aisData.csv
Z,"R,Z",TS BANGKOK,연안부두정계지,PAL,ICT2,연안부두정계지,2024-06-27T05:13:39.000Z,2024-06-27T05:53:39.000Z,6.1,21.0,4.3,35.0,GD,17449,풀컨테이너선,2024-06-27T04:30:00.000Z,2024-06-27T04:30:00.000Z,PAL,ICT2,RZ,GD,대성호_TS BANGKOK_2024-06-27_target_292_aisData.csv,대성호_TS BANGKOK_2024-06-27_tug_292_aisData.csv
M,"성,M",KOREA VISION,송도정계지,E1GT,BUKJ2,,2024-06-27T06:54:40.000Z,2024-06-27T07:12:40.000Z,5.3,25.0,0.4,13.0,KU,3872,LPG 운반선,2024-06-27T07:00:00.000Z,2024-06-27T07:00:00.000Z,E1GT,BUKJ2,성M,KU,뉴마스호_KOREA VISION_2024-06-27_target_293_aisData.csv,뉴마스호_KOREA VISION_2024-06-27_tug_293_aisData.csv
T,"T,R",MORNING SKY,,PAL,RHC,연안부두정계지,2024-06-27T20:11:20.000Z,2024-06-27T21:03:20.000Z,6.0,43.0,2.9,47.0,,6422,시멘트운반선,2024-06-27T19:30:00.000Z,2024-06-27T19:30:00.000Z,PAL,RHC,TR,,대창호_MORNING SKY_2024-06-27_target_294_aisData.csv,대창호_MORNING SKY_2024-06-27_tug_294_aisData.csv
M,"L,M",SKY CHALLENGE,,NPPS,SNCT2,송도정계지,2024-06-27T07:21:40.000Z,2024-06-27T08:17:40.000Z,1.5,9.0,5.4,51.0,KN,20738,풀컨테이너선,2024-06-27T07:00:00.000Z,2024-06-27T07:00:00.000Z,NPPS,SNCT2,LM,GD,뉴마스호_SKY CHALLENGE_2024-06-27_target_295_aisData.csv,뉴마스호_SKY CHALLENGE_2024-06-27_tug_295_aisData.csv
N,"N,W",OCEAN GAS,연안부두정계지,SKI 1,PAL,,2024-06-27T08:05:40.000Z,2024-06-27T08:15:40.000Z,9.1,84.0,2.0,15.0,,3678,LPG 운반선,2024-06-27T08:00:00.000Z,2024-06-27T15:00:00.000Z,SKI 1,PAL,NW,,뉴엔젤호_OCEAN GAS_2024-06-27_target_296_aisData.csv,뉴엔젤호_OCEAN GAS_2024-06-27_tug_296_aisData.csv
H,"F1,H",XIN QING DAO,송도정계지,SNCT1,NPPS,송도정계지,2024-06-27T09:32:40.000Z,2024-06-27T10:31:40.000Z,5.3,95.0,1.3,54.0,CG,66433,풀컨테이너선,2024-06-27T10:00:00.000Z,2024-06-27T07:00:00.000Z,SNCT1,NPPS,F1H,YM,한창1호_XIN QING DAO_2024-06-27_target_297_aisData.csv,한창1호_XIN QING DAO_2024-06-27_tug_297_aisData.csv
Z,"E,Z,해,진",YORK 27,연안부두정계지,PAL,52,,2024-06-27T11:51:40.000Z,2024-06-27T12:06:40.000Z,2.4,20.0,3.1,18.0,GD,8638,일반화물선,2024-06-27T10:40:00.000Z,2024-06-27T10:30:00.000Z,PAL,52,EZ해진,,대성호_YORK 27_2024-06-27_target_298_aisData.csv,대성호_YORK 27_2024-06-27_tug_298_aisData.csv
N,"N,W",KEOJE CORDELIA,,PAL,N-HOB,,2024-06-27T11:32:40.000Z,2024-06-27T12:09:40.000Z,24.8,646.7,4.1,32.0,YM,8689,석유제품 운반선,2024-06-27T10:40:00.000Z,2024-06-27T10:30:00.000Z,PAL,N-HOB,NW,,뉴엔젤호_KEOJE CORDELIA_2024-06-27_target_299_aisData.csv,뉴엔젤호_KEOJE CORDELIA_2024-06-27_tug_299_aisData.csv
T,"B,T",AFRICAN LAPWING,연안부두정계지,N41,DONG,,2024-06-27T17:45:20.000Z,2024-06-27T18:22:20.000Z,17.1,78.0,2.6,32.0,JU,24785,일반화물선,2024-06-27T18:00:00.000Z,2024-06-27T18:00:00.000Z,N41,DONG,BT,,대창호_AFRICAN LAPWING_2024-06-27_target_300_aisData.csv,대창호_AFRICAN LAPWING_2024-06-27_tug_300_aisData.csv
H,"J,H",KMTC LAEM CHABANG,송도정계지,NPPS,HJIT2,연안부두정계지,2024-06-27T14:17:18.000Z,2024-06-27T15:09:19.000Z,27.6,81.0,5.9,47.0,GH,18318,풀컨테이너선,2024-06-27T14:00:00.000Z,2024-06-27T11:00:00.000Z,NPPS,HJIT2,KT,,한창1호_KMTC LAEM CHABANG_2024-06-27_target_301_aisData.csv,한창1호_KMTC LAEM CHABANG_2024-06-27_tug_301_aisData.csv
M,"K,M",SITC CHANGDE,송도정계지,NPPS,HJIT3,송도정계지,2024-06-27T14:57:19.000Z,2024-06-27T15:23:19.000Z,7.1,118.0,1.3,15.0,GJ,19001,풀컨테이너선,2024-06-27T14:00:00.000Z,2024-06-27T11:00:00.000Z,NPPS,HJIT3,JM,,뉴마스호_SITC CHANGDE_2024-06-27_target_302_aisData.csv,뉴마스호_SITC CHANGDE_2024-06-27_tug_302_aisData.csv
동,"동,해,비",WOOYANG CLES,,24,DONG,,2024-06-27T18:12:20.000Z,2024-06-27T18:36:20.000Z,1.0,13.0,1.8,19.0,KB,26303,산물선(벌크선),2024-06-27T18:00:00.000Z,2024-06-27T21:00:00.000Z,24,DONG,동해비,,동보1호_WOOYANG CLES_2024-06-27_target_303_aisData.csv,동보1호_WOOYANG CLES_2024-06-27_tug_303_aisData.csv
명,"비,명,해",BCH BRAMBERG,내항정계지,20,PAL,내항정계지,2024-06-27T22:41:20.000Z,2024-06-27T23:41:20.000Z,0.9,6.0,2.9,55.0,HY,36303,산물선(벌크선),2024-06-27T23:00:00.000Z,2024-06-27T23:00:00.000Z,20,PAL,비명해,,대명호_BCH BRAMBERG_2024-06-27_target_304_aisData.csv,대명호_BCH BRAMBERG_2024-06-27_tug_304_aisData.csv
미,"E,미",KEOJE CORDELIA,연안부두정계지,N-HOB,PAL,,2024-06-28T02:50:19.000Z,2024-06-28T03:16:19.000Z,7.0,25.0,1.0,21.0,,8689,석유제품 운반선,2024-06-28T03:00:00.000Z,2024-06-28T03:00:00.000Z,N-HOB,PAL,E미,,뉴월미호_KEOJE CORDELIA_2024-06-28_target_305_aisData.csv,뉴월미호_KEOJE CORDELIA_2024-06-28_tug_305_aisData.csv
미,"S,미",DL AMBER,,PAL,SKI 3,연안부두정계지,2024-06-28T05:59:19.000Z,2024-06-28T06:44:19.000Z,7.2,31.0,3.1,40.0,,7333,석유제품 운반선,2024-06-28T05:00:00.000Z,2024-06-28T20:00:00.000Z,SKI 3,PAL,EQ,,뉴월미호_DL AMBER_2024-06-28_target_306_aisData.csv,뉴월미호_DL AMBER_2024-06-28_tug_306_aisData.csv
H,"H,V,J,명,비",YING SHUN,연안부두정계지,LEN,42,연안부두정계지,2024-06-28T06:41:20.000Z,2024-06-28T07:28:20.000Z,3.1,15.0,5.4,42.0,YM,43990,산물선(벌크선),2024-06-28T07:30:00.000Z,2024-06-28T07:30:00.000Z,LEN,42,HVJ명비,YM,한창1호_YING SHUN_2024-06-28_target_307_aisData.csv,한창1호_YING SHUN_2024-06-28_tug_307_aisData.csv
T,T,MORNING SKY,,RHC,PAL,연안부두정계지,2024-06-28T20:40:21.000Z,2024-06-28T21:26:21.000Z,2.7,11.0,2.6,41.0,,6422,시멘트운반선,2024-06-28T21:00:00.000Z,2024-06-28T21:00:00.000Z,RHC,PAL,T,,대창호_MORNING SKY_2024-06-28_target_308_aisData.csv,대창호_MORNING SKY_2024-06-28_tug_308_aisData.csv
진,"O,진",YU LIN,내항정계지,PAL,25,내항정계지,2024-06-28T10:08:21.000Z,2024-06-28T10:38:21.000Z,2.1,16.0,2.8,25.0,UM,2976,일반화물선,2024-06-28T08:50:00.000Z,2024-06-28T09:00:00.000Z,PAL,25,O진,,뉴약진호_YU LIN_2024-06-28_target_309_aisData.csv,뉴약진호_YU LIN_2024-06-28_tug_309_aisData.csv
M,"성,M",XIN TAI PING,,NPPS,HJIT3,송도정계지,2024-06-28T09:14:20.000Z,2024-06-28T09:45:20.000Z,3.7,22.0,4.0,26.0,SC,5275,세미(혼재)컨테이너선,2024-06-28T08:50:00.000Z,2024-06-28T09:00:00.000Z,NPPS,HJIT3,성M,,뉴마스호_XIN TAI PING_2024-06-28_target_310_aisData.csv,뉴마스호_XIN TAI PING_2024-06-28_tug_310_aisData.csv
N,"N,Q",ES ROSE,연안부두정계지,PAL,KAL,,2024-06-28T10:35:20.000Z,2024-06-28T11:37:20.000Z,7.2,197.0,4.6,57.0,,5589,석유제품 운반선,2024-06-28T10:00:00.000Z,2024-06-28T14:00:00.000Z,PAL,KAL,NQ,,뉴엔젤호_ES ROSE_2024-06-28_target_311_aisData.csv,뉴엔젤호_ES ROSE_2024-06-28_tug_311_aisData.csv
미,미,K GAS,연안부두정계지,BUKJ2,SOD1,연안부두정계지,2024-06-28T20:01:20.000Z,2024-06-28T21:01:20.000Z,2.1,10.0,2.3,55.0,,1002,"Tanker, all ships of this type",2024-06-28T20:30:00.000Z,2024-06-28T20:30:00.000Z,BUKJ2,SOD1,M,,뉴월미호_K GAS_2024-06-28_target_312_aisData.csv,뉴월미호_K GAS_2024-06-28_tug_312_aisData.csv
명,"명,비,R",RARAKA,내항정계지,73,PAL,,2024-06-28T13:36:20.000Z,2024-06-28T14:37:20.000Z,0.7,4.0,2.4,56.0,JU,41394,산물선(벌크선),2024-06-28T14:00:00.000Z,2024-06-28T14:00:00.000Z,73,PAL,명비R,,대명호_RARAKA_2024-06-28_target_313_aisData.csv,대명호_RARAKA_2024-06-28_tug_313_aisData.csv
명,"명,비,R",PEGASUS ACE,,53,DONG,,2024-06-28T14:33:20.000Z,2024-06-28T16:21:20.000Z,0.0,0.0,2.3,103.0,BJ,36893,자동차운반선,2024-06-28T16:00:00.000Z,2024-06-28T16:00:00.000Z,53,DONG,명비R,,대명호_PEGASUS ACE_2024-06-28_target_314_aisData.csv,대명호_PEGASUS ACE_2024-06-28_tug_314_aisData.csv
I,"I,L",JAN,,NPPS,SNCT1,,2024-06-28T18:35:20.000Z,2024-06-28T18:50:20.000Z,7.5,112.0,0.2,10.0,GJ,17280,풀컨테이너선,2024-06-28T18:00:00.000Z,2024-06-28T18:00:00.000Z,NPPS,SNCT1,IL,,쥬피터1호_JAN_2024-06-28_target_315_aisData.csv,쥬피터1호_JAN_2024-06-28_tug_315_aisData.csv
I,"L,I",RESURGENCE,,NPPS,HJIT2,송도정계지,2024-06-28T19:29:20.000Z,2024-06-28T19:46:20.000Z,6.6,175.0,0.9,12.0,BJ,9443,풀컨테이너선,2024-06-28T19:00:00.000Z,2024-06-28T19:00:00.000Z,NPPS,HJIT1,LI,,쥬피터1호_RESURGENCE_2024-06-28_target_316_aisData.csv,쥬피터1호_RESURGENCE_2024-06-28_tug_316_aisData.csv
T,T,JA YANG,연안부두정계지,HIDC,PAL,,2024-06-28T19:37:21.000Z,2024-06-28T20:08:21.000Z,4.9,24.0,0.8,26.0,,4739,시멘트운반선,2024-06-28T20:00:00.000Z,2024-06-28T19:00:00.000Z,HIDC,PAL,T,,대창호_JA YANG_2024-06-28_target_317_aisData.csv,대창호_JA YANG_2024-06-28_tug_317_aisData.csv
Z,"Z,G,V,명,비",PEGASUS ACE,연안부두정계지,PAL,60,연안부두정계지,2024-06-29T06:15:21.000Z,2024-06-29T06:56:21.000Z,3.3,21.0,5.0,36.0,HY,36893,자동차운반선,2024-06-29T06:00:00.000Z,2024-06-29T06:00:00.000Z,PAL,60,ZGV명비,HY,대성호_PEGASUS ACE_2024-06-29_target_318_aisData.csv,대성호_PEGASUS ACE_2024-06-29_tug_318_aisData.csv
H,H,DONGJIN CONTINENTAL,연안부두정계지,NPPS,HJIT3,,2024-06-29T07:16:20.000Z,2024-06-29T07:31:20.000Z,46.7,217.0,2.0,10.0,,9946,풀컨테이너선,2024-06-29T07:00:00.000Z,2024-06-29T07:00:00.000Z,NPPS,HJIT3,H,,한창1호_DONGJIN CONTINENTAL_2024-06-29_target_319_aisData.csv,한창1호_DONGJIN CONTINENTAL_2024-06-29_tug_319_aisData.csv
M,"E,M",HALLA FRONTIER,연안부두정계지,PAL,RHC,,2024-06-29T09:04:21.000Z,2024-06-29T09:14:21.000Z,5.3,25.0,3.0,42.0,,4881,시멘트운반선,2024-06-29T08:00:00.000Z,2024-06-29T08:00:00.000Z,PAL,RHC,EM,,뉴마스호_HALLA FRONTIER_2024-06-29_target_320_aisData.csv,뉴마스호_HALLA FRONTIER_2024-06-29_tug_320_aisData.csv
미,"미,Q",WOO CHOON,연안부두정계지,PAL,GSD,연안부두정계지,2024-06-29T13:54:20.000Z,2024-06-29T14:15:20.000Z,5.5,37.0,2.1,16.0,,3969,석유제품 운반선,2024-06-29T13:00:00.000Z,2024-06-29T13:00:00.000Z,PAL,GSD,미Q,,뉴월미호_WOO CHOON_2024-06-29_target_321_aisData.csv,뉴월미호_WOO CHOON_2024-06-29_tug_321_aisData.csv
N,N,PEGASUS GLORY,연안부두정계지,PAL,E1CT,,2024-06-29T15:12:21.000Z,2024-06-29T15:22:21.000Z,0.0,1.0,0.7,32.0,,9908,풀컨테이너선,2024-06-29T14:00:00.000Z,2024-06-29T12:00:00.000Z,PAL,E1CT,N,,뉴엔젤호_PEGASUS GLORY_2024-06-29_target_322_aisData.csv,뉴엔젤호_PEGASUS GLORY_2024-06-29_tug_322_aisData.csv
H,"A,F2,H,J",STAR ORION,,JANG,YHD1,연안부두정계지,2024-06-29T09:34:21.000Z,2024-06-29T11:01:21.000Z,53.6,305.0,3.0,82.0,JU,89076,산물선(벌크선),2024-06-29T09:00:00.000Z,2024-06-29T09:00:00.000Z,JANG,YHD1,AF2HJ,KI,한창1호_STAR ORION_2024-06-29_target_323_aisData.csv,한창1호_STAR ORION_2024-06-29_tug_323_aisData.csv
Z,"Z,F3",KOREA VENUS,연안부두정계지,PAL,GS-HD,연안부두정계지,2024-06-29T09:14:21.000Z,2024-06-29T10:11:21.000Z,3.0,21.0,3.7,52.0,YM,39543,석유제품 운반선,2024-06-29T09:00:00.000Z,2024-06-29T09:00:00.000Z,PAL,GS-HD,ZF3,,대성호_KOREA VENUS_2024-06-29_target_324_aisData.csv,대성호_KOREA VENUS_2024-06-29_tug_324_aisData.csv
T,T,XIN XIANG XUE LAN,연안부두정계지,PAL,NIPT5,연안부두정계지,2024-06-29T11:01:21.000Z,2024-06-29T11:39:21.000Z,10.7,467.0,3.6,33.0,CG,32729,국제카페리,2024-06-29T10:30:00.000Z,2024-06-29T10:30:00.000Z,PAL,NIPT5,T,,대창호_XIN XIANG XUE LAN_2024-06-29_target_325_aisData.csv,대창호_XIN XIANG XUE LAN_2024-06-29_tug_325_aisData.csv
동,"명,비,동",STAR EMERALD,내항정계지,51,DONG,,2024-06-29T14:08:21.000Z,2024-06-29T15:01:21.000Z,0.0,176.0,0.0,7.0,GJ,44114,산물선(벌크선),2024-06-29T14:00:00.000Z,2024-06-29T14:00:00.000Z,51,DONG,명비동,,동보1호_STAR EMERALD_2024-06-29_target_326_aisData.csv,동보1호_STAR EMERALD_2024-06-29_tug_326_aisData.csv
명,"명,비,해",GMT ASTRO,,40,PAL,,2024-06-29T18:33:21.000Z,2024-06-29T18:50:21.000Z,0.1,2.0,1.2,12.0,HY,48017,자동차운반선,2024-06-29T19:00:00.000Z,2024-06-29T19:00:00.000Z,40,PAL,명비R,,대명호_GMT ASTRO_2024-06-29_target_327_aisData.csv,대명호_GMT ASTRO_2024-06-29_tug_327_aisData.csv
M,"M,E,해,진",ARAON,연안부두정계지,PAL,12,연안부두정계지,2024-06-29T19:52:21.000Z,2024-06-29T20:42:21.000Z,1.5,7.0,6.9,45.0,YM,7507,관공선,2024-06-29T19:30:00.000Z,2024-06-29T19:30:00.000Z,PAL,12,ME해진,,뉴마스호_ARAON_2024-06-29_target_328_aisData.csv,뉴마스호_ARAON_2024-06-29_tug_328_aisData.csv
N,"N,R",SJ HOPE,연안부두정계지,PAL,SOD1,,2024-06-29T21:39:21.000Z,2024-06-29T22:44:21.000Z,1.9,104.0,2.6,60.0,HY,5025,석유제품 운반선,2024-06-29T21:00:00.000Z,2024-06-29T16:00:00.000Z,PAL,SOD1,NQ,,뉴엔젤호_SJ HOPE_2024-06-29_target_329_aisData.csv,뉴엔젤호_SJ HOPE_2024-06-29_tug_329_aisData.csv
명,"명,비",PEGASUS ACE,,60,51,,2024-06-29T18:26:21.000Z,2024-06-29T18:37:21.000Z,0.5,4.0,1.5,6.0,KI,36893,자동차운반선,2024-06-29T22:00:00.000Z,2024-06-29T06:00:00.000Z,PAL,60,ZGV명비,HY,대명호_PEGASUS ACE_2024-06-29_target_330_aisData.csv,대명호_PEGASUS ACE_2024-06-29_tug_330_aisData.csv
동,"E,T,Q,동,해",DE LONG,내항정계지,PAL,40,,2024-06-29T23:38:21.000Z,2024-06-30T00:18:21.000Z,1.5,9.0,4.0,35.0,KU,12527,산물선(벌크선),2024-06-29T22:00:00.000Z,2024-06-29T22:30:00.000Z,PAL,40,ETQ동R,,동보1호_DE LONG_2024-06-29_target_331_aisData.csv,동보1호_DE LONG_2024-06-29_tug_331_aisData.csv
I,I,DONGJIN CONTINENTAL,송도정계지,HJIT3,NPPS,,2024-06-29T22:25:21.000Z,2024-06-29T22:36:21.000Z,8.9,989.0,0.9,10.0,,9946,풀컨테이너선,2024-06-29T22:00:00.000Z,2024-06-29T07:00:00.000Z,NPPS,HJIT3,H,,쥬피터1호_DONGJIN CONTINENTAL_2024-06-29_target_332_aisData.csv,쥬피터1호_DONGJIN CONTINENTAL_2024-06-29_tug_332_aisData.csv
미,"E,미",WOO CHOON,연안부두정계지,GSD,PAL,연안부두정계지,2024-06-30T13:44:21.000Z,2024-06-30T14:10:21.000Z,3.2,13.0,2.8,21.0,,3969,석유제품 운반선,2024-06-30T14:00:00.000Z,2024-06-30T11:30:00.000Z,GSD,PAL,E미,,뉴월미호_WOO CHOON_2024-06-30_target_333_aisData.csv,뉴월미호_WOO CHOON_2024-06-30_tug_333_aisData.csv
N,N,DB SUNNY,연안부두정계지,W4,HIT,연안부두정계지,2024-06-30T19:38:22.000Z,2024-06-30T20:11:22.000Z,6.4,339.0,3.4,28.0,,1599,케미칼 운반선,2024-06-30T19:00:00.000Z,2024-06-30T20:00:00.000Z,W4,HIT,N,,뉴엔젤호_DB SUNNY_2024-06-30_target_334_aisData.csv,뉴엔젤호_DB SUNNY_2024-06-30_tug_334_aisData.csv
M,"M,S",OCEAN GAS,연안부두정계지,PAL,SKI 1,,2024-06-30T18:53:22.000Z,2024-06-30T19:46:22.000Z,6.7,40.0,5.3,48.0,,3678,LPG 운반선,2024-06-30T18:30:00.000Z,2024-06-30T18:30:00.000Z,PAL,SKI 1,MW,,뉴마스호_OCEAN GAS_2024-06-30_target_335_aisData.csv,뉴마스호_OCEAN GAS_2024-06-30_tug_335_aisData.csv
H,"V,H",OBE QUEEN,연안부두정계지,PAL,N14,연안부두정계지,2024-06-30T23:30:21.000Z,2024-07-01T00:35:21.000Z,7.5,33.0,6.0,60.0,GH,30221,산물선(벌크선),2024-06-30T22:30:00.000Z,2024-06-30T10:30:00.000Z,PAL,N14,VH,,한창1호_OBE QUEEN_2024-06-30_target_336_aisData.csv,한창1호_OBE QUEEN_2024-06-30_tug_336_aisData.csv